{
    "code": 0
    ,"msg": ""
    ,"count": 30
    ,"data": [{
      "number": "10001"
      ,"name": "小米 Max"
      ,"price": "5467"
      ,"nprice": "4525"
      ,"city": "浙江杭州"
      ,"joinTime": "2016-10-14"
      ,"ReviewStatus": "通过"
      ,"status": "已启用"
    }, {
      "number": "10002"
      ,"name": "小米 Max"
      ,"price": "5467"
      ,"nprice": "4525"
      ,"city": "浙江杭州"
      ,"joinTime": "2016-10-14"
      ,"ReviewStatus": "通过"
      ,"status": "已启用"
    }, {
      "number": "10003"
      ,"name": "小米 Max"
      ,"price": "5467"
      ,"nprice": "4525"
      ,"city": "浙江杭州"
      ,"joinTime": "2016-10-14"
      ,"ReviewStatus": "通过"
      ,"status": "已启用"
    }, {
      "number": "10004"
      ,"name": "小米 Max"
      ,"price": "5467"
      ,"nprice": "4525"
      ,"city": "浙江杭州"
      ,"joinTime": "2016-10-14"
      ,"ReviewStatus": "通过"
      ,"status": "已启用"
    }, {
      "number": "10005"
      ,"name": "小米 Max"
      ,"price": "5467"
      ,"nprice": "4525"
      ,"city": "浙江杭州"
      ,"joinTime": "2016-10-14"
      ,"ReviewStatus": "通过"
      ,"status": "已启用"
    }, {
      "number": "10006"
      ,"name": "小米 Max"
      ,"price": "5467"
      ,"nprice": "4525"
      ,"city": "浙江杭州"
      ,"joinTime": "2016-10-14"
      ,"ReviewStatus": "通过"
      ,"status": "已启用"
    }, {
      "number": "10007"
      ,"name": "小米 Max"
      ,"price": "5467"
      ,"nprice": "4525"
      ,"city": "浙江杭州"
      ,"joinTime": "2016-10-14"
      ,"ReviewStatus": "通过"
      ,"status": "已启用"
    }, {
      "number": "10008"
      ,"name": "小米 Max"
      ,"price": "5467"
      ,"nprice": "4525"
      ,"city": "浙江杭州"
      ,"joinTime": "2016-10-14"
      ,"ReviewStatus": "通过"
      ,"status": "已启用"
    }, {
      "number": "10009"
      ,"name": "小米 Max"
      ,"price": "5467"
      ,"nprice": "4525"
      ,"city": "浙江杭州"
      ,"joinTime": "2016-10-14"
      ,"ReviewStatus": "通过"
      ,"status": "已启用"
    }, {
      "number": "10010"
      ,"name": "小米 Max"
      ,"price": "5467"
      ,"nprice": "4525"
      ,"city": "浙江杭州"
      ,"joinTime": "2016-10-14"
      ,"ReviewStatus": "通过"
      ,"status": "已启用"
    }, {
      "number": "10011"
      ,"name": "小米 Max"
      ,"price": "5467"
      ,"nprice": "4525"
      ,"city": "浙江杭州"
      ,"joinTime": "2016-10-14"
      ,"ReviewStatus": "通过"
      ,"status": "已启用"
    }, {
      "number": "10012"
      ,"name": "小米 Max"
      ,"price": "5467"
      ,"nprice": "4525"
      ,"city": "浙江杭州"
      ,"joinTime": "2016-10-14"
      ,"ReviewStatus": "通过"
      ,"status": "已启用"
    }]
  }  