[
  {
    "creator": "小策一喋",
    "code": "",
    "modifier": "小策一喋",
    "creatorId": "admin",
    "modifierId": "admin",
    "pid": "430000",
    "remark": "",
    "sort": 186,
    "type": "",
    "uuid": "430100",
    "url": "",
    "codeSetId": "AGB",
    "modifyTime": "2017-02-15 09:16:02",
    "children": "",
    "createTime": "2017-02-15 09:16:02",
    "levelId": 5,
    "checked": "",
    "attributes": "",
    "id": "430100",
    "state": "closed",
    "text": "长沙市",
    "iconCls": "",
    "isDel": 0,
    "status": ""
  },
  {
    "creator": "小策一喋",
    "code": "",
    "modifier": "小策一喋",
    "creatorId": "admin",
    "modifierId": "admin",
    "pid": "430000",
    "remark": "",
    "sort": 187,
    "type": "",
    "uuid": "430200",
    "url": "",
    "codeSetId": "AGB",
    "modifyTime": "2017-02-15 09:16:02",
    "children": "",
    "createTime": "2017-02-15 09:16:02",
    "levelId": 5,
    "checked": "",
    "attributes": "",
    "id": "430200",
    "state": "closed",
    "text": "株洲市",
    "iconCls": "",
    "isDel": 0,
    "status": ""
  },
  {
    "creator": "小策一喋",
    "code": "",
    "modifier": "小策一喋",
    "creatorId": "admin",
    "modifierId": "admin",
    "pid": "430000",
    "remark": "",
    "sort": 188,
    "type": "",
    "uuid": "430300",
    "url": "",
    "codeSetId": "AGB",
    "modifyTime": "2017-02-15 09:16:02",
    "children": "",
    "createTime": "2017-02-15 09:16:02",
    "levelId": 5,
    "checked": "",
    "attributes": "",
    "id": "430300",
    "state": "closed",
    "text": "湘潭市",
    "iconCls": "",
    "isDel": 0,
    "status": ""
  },
  {
    "creator": "小策一喋",
    "code": "",
    "modifier": "小策一喋",
    "creatorId": "admin",
    "modifierId": "admin",
    "pid": "430000",
    "remark": "",
    "sort": 189,
    "type": "",
    "uuid": "430400",
    "url": "",
    "codeSetId": "AGB",
    "modifyTime": "2017-02-15 09:16:02",
    "children": "",
    "createTime": "2017-02-15 09:16:02",
    "levelId": 5,
    "checked": "",
    "attributes": "",
    "id": "430400",
    "state": "closed",
    "text": "衡阳市",
    "iconCls": "",
    "isDel": 0,
    "status": ""
  },
  {
    "creator": "小策一喋",
    "code": "",
    "modifier": "小策一喋",
    "creatorId": "admin",
    "modifierId": "admin",
    "pid": "430000",
    "remark": "",
    "sort": 190,
    "type": "",
    "uuid": "430500",
    "url": "",
    "codeSetId": "AGB",
    "modifyTime": "2017-02-15 09:16:02",
    "children": "",
    "createTime": "2017-02-15 09:16:02",
    "levelId": 5,
    "checked": "",
    "attributes": "",
    "id": "430500",
    "state": "closed",
    "text": "邵阳市",
    "iconCls": "",
    "isDel": 0,
    "status": ""
  },
  {
    "creator": "小策一喋",
    "code": "",
    "modifier": "小策一喋",
    "creatorId": "admin",
    "modifierId": "admin",
    "pid": "430000",
    "remark": "",
    "sort": 191,
    "type": "",
    "uuid": "430600",
    "url": "",
    "codeSetId": "AGB",
    "modifyTime": "2017-02-15 09:16:02",
    "children": "",
    "createTime": "2017-02-15 09:16:02",
    "levelId": 5,
    "checked": "",
    "attributes": "",
    "id": "430600",
    "state": "closed",
    "text": "岳阳市",
    "iconCls": "",
    "isDel": 0,
    "status": ""
  },
  {
    "creator": "小策一喋",
    "code": "",
    "modifier": "小策一喋",
    "creatorId": "admin",
    "modifierId": "admin",
    "pid": "430000",
    "remark": "",
    "sort": 192,
    "type": "",
    "uuid": "430700",
    "url": "",
    "codeSetId": "AGB",
    "modifyTime": "2017-02-15 09:16:02",
    "children": "",
    "createTime": "2017-02-15 09:16:02",
    "levelId": 5,
    "checked": "",
    "attributes": "",
    "id": "430700",
    "state": "closed",
    "text": "常德市",
    "iconCls": "",
    "isDel": 0,
    "status": ""
  },
  {
    "creator": "小策一喋",
    "code": "",
    "modifier": "小策一喋",
    "creatorId": "admin",
    "modifierId": "admin",
    "pid": "430000",
    "remark": "",
    "sort": 193,
    "type": "",
    "uuid": "430800",
    "url": "",
    "codeSetId": "AGB",
    "modifyTime": "2017-02-15 09:16:02",
    "children": "",
    "createTime": "2017-02-15 09:16:02",
    "levelId": 5,
    "checked": "",
    "attributes": "",
    "id": "430800",
    "state": "closed",
    "text": "张家界市",
    "iconCls": "",
    "isDel": 0,
    "status": ""
  },
  {
    "creator": "小策一喋",
    "code": "",
    "modifier": "小策一喋",
    "creatorId": "admin",
    "modifierId": "admin",
    "pid": "430000",
    "remark": "",
    "sort": 194,
    "type": "",
    "uuid": "430900",
    "url": "",
    "codeSetId": "AGB",
    "modifyTime": "2017-02-15 09:16:02",
    "children": "",
    "createTime": "2017-02-15 09:16:02",
    "levelId": 5,
    "checked": "",
    "attributes": "",
    "id": "430900",
    "state": "closed",
    "text": "益阳市",
    "iconCls": "",
    "isDel": 0,
    "status": ""
  },
  {
    "creator": "小策一喋",
    "code": "",
    "modifier": "小策一喋",
    "creatorId": "admin",
    "modifierId": "admin",
    "pid": "430000",
    "remark": "",
    "sort": 195,
    "type": "",
    "uuid": "431000",
    "url": "",
    "codeSetId": "AGB",
    "modifyTime": "2017-02-15 09:16:02",
    "children": "",
    "createTime": "2017-02-15 09:16:02",
    "levelId": 5,
    "checked": "",
    "attributes": "",
    "id": "431000",
    "state": "closed",
    "text": "郴州市",
    "iconCls": "",
    "isDel": 0,
    "status": ""
  },
  {
    "creator": "小策一喋",
    "code": "",
    "modifier": "小策一喋",
    "creatorId": "admin",
    "modifierId": "admin",
    "pid": "430000",
    "remark": "",
    "sort": 196,
    "type": "",
    "uuid": "431100",
    "url": "",
    "codeSetId": "AGB",
    "modifyTime": "2017-02-15 09:16:02",
    "children": "",
    "createTime": "2017-02-15 09:16:02",
    "levelId": 5,
    "checked": "",
    "attributes": "",
    "id": "431100",
    "state": "closed",
    "text": "永州市",
    "iconCls": "",
    "isDel": 0,
    "status": ""
  },
  {
    "creator": "小策一喋",
    "code": "",
    "modifier": "小策一喋",
    "creatorId": "admin",
    "modifierId": "admin",
    "pid": "430000",
    "remark": "",
    "sort": 197,
    "type": "",
    "uuid": "431200",
    "url": "",
    "codeSetId": "AGB",
    "modifyTime": "2017-02-15 09:16:02",
    "children": "",
    "createTime": "2017-02-15 09:16:02",
    "levelId": 5,
    "checked": "",
    "attributes": "",
    "id": "431200",
    "state": "closed",
    "text": "怀化市",
    "iconCls": "",
    "isDel": 0,
    "status": ""
  },
  {
    "creator": "小策一喋",
    "code": "",
    "modifier": "小策一喋",
    "creatorId": "admin",
    "modifierId": "admin",
    "pid": "430000",
    "remark": "",
    "sort": 198,
    "type": "",
    "uuid": "431300",
    "url": "",
    "codeSetId": "AGB",
    "modifyTime": "2017-02-15 09:16:02",
    "children": "",
    "createTime": "2017-02-15 09:16:02",
    "levelId": 5,
    "checked": "",
    "attributes": "",
    "id": "431300",
    "state": "closed",
    "text": "娄底市",
    "iconCls": "",
    "isDel": 0,
    "status": ""
  },
  {
    "creator": "小策一喋",
    "code": "",
    "modifier": "小策一喋",
    "creatorId": "admin",
    "modifierId": "admin",
    "pid": "430000",
    "remark": "",
    "sort": 199,
    "type": "",
    "uuid": "433100",
    "url": "",
    "codeSetId": "AGB",
    "modifyTime": "2017-02-15 09:16:02",
    "children": "",
    "createTime": "2017-02-15 09:16:02",
    "levelId": 5,
    "checked": "",
    "attributes": "",
    "id": "433100",
    "state": "closed",
    "text": "湘西土家族苗族自治州",
    "iconCls": "",
    "isDel": 0,
    "status": ""
  }
]