[
  {
    "uuid": "1F0AC36047B4C63FE055000000000001",
    "isDel": 0,
    "creatorId": "",
    "creator": "",
    "createTime": "2016-09-21 15:41:40",
    "modifierId": "",
    "modifier": "",
    "modifyTime": "2016-09-21 15:41:40",
    "remark": "",
    "sort": null,
    "levelId": 1,
    "codeSetId": "AAAC",
    "code": "01",
    "status": "",
    "url": "",
    "id": "23D7BC22BDE5272AE055000000000001",
    "pid": "23D9818423E332EEE055000000000001",
    "text": "北京市（京） ",
    "state": "",
    "iconCls": "",
    "checked": "",
    "attributes": "",
    "children": "",
    "type": "dic"
  },
  {
    "uuid": "1F0AC36047B5C63FE055000000000001",
    "isDel": 0,
    "creatorId": "",
    "creator": "",
    "createTime": "2016-09-21 15:41:40",
    "modifierId": "",
    "modifier": "",
    "modifyTime": "2016-09-21 15:41:40",
    "remark": "",
    "sort": null,
    "levelId": 1,
    "codeSetId": "AAAC",
    "code": "02",
    "status": "",
    "url": "",
    "id": "23D7BC22BDBD272AE055000000000001",
    "pid": "23D9818423E332EEE055000000000001",
    "text": "天津市（津） ",
    "state": "",
    "iconCls": "",
    "checked": "",
    "attributes": "",
    "children": "",
    "type": "dic"
  },
  {
    "uuid": "1F0AC36047B6C63FE055000000000001",
    "isDel": 0,
    "creatorId": "",
    "creator": "",
    "createTime": "2016-09-21 15:41:40",
    "modifierId": "",
    "modifier": "",
    "modifyTime": "2016-09-21 15:41:40",
    "remark": "",
    "sort": null,
    "levelId": 1,
    "codeSetId": "AAAC",
    "code": "03",
    "status": "",
    "url": "",
    "id": "23D7BC22BDBE272AE055000000000001",
    "pid": "23D9818423E332EEE055000000000001",
    "text": "上海市（沪） ",
    "state": "",
    "iconCls": "",
    "checked": "",
    "attributes": "",
    "children": "",
    "type": "dic"
  },
  {
    "uuid": "1F0AC36047B7C63FE055000000000001",
    "isDel": 0,
    "creatorId": "",
    "creator": "",
    "createTime": "2016-09-21 15:41:40",
    "modifierId": "",
    "modifier": "",
    "modifyTime": "2016-09-21 15:41:40",
    "remark": "",
    "sort": null,
    "levelId": 1,
    "codeSetId": "AAAC",
    "code": "04",
    "status": "",
    "url": "",
    "id": "23D7BC22BDBF272AE055000000000001",
    "pid": "23D9818423E332EEE055000000000001",
    "text": "重庆市（渝） ",
    "state": "",
    "iconCls": "",
    "checked": "",
    "attributes": "",
    "children": "",
    "type": "dic"
  },
  {
    "uuid": "1F0AC36047B8C63FE055000000000001",
    "isDel": 0,
    "creatorId": "",
    "creator": "",
    "createTime": "2016-09-21 15:41:40",
    "modifierId": "",
    "modifier": "",
    "modifyTime": "2016-09-21 15:41:40",
    "remark": "",
    "sort": null,
    "levelId": 1,
    "codeSetId": "AAAC",
    "code": "05",
    "status": "",
    "url": "",
    "id": "23D7BC22BDE6272AE055000000000001",
    "pid": "23D9818423E332EEE055000000000001",
    "text": "河北省（冀） ",
    "state": "",
    "iconCls": "",
    "checked": "",
    "attributes": "",
    "children": "",
    "type": "dic"
  },
  {
    "uuid": "1F0AC36047B9C63FE055000000000001",
    "isDel": 0,
    "creatorId": "",
    "creator": "",
    "createTime": "2016-09-21 15:41:40",
    "modifierId": "",
    "modifier": "",
    "modifyTime": "2016-09-21 15:41:40",
    "remark": "",
    "sort": null,
    "levelId": 1,
    "codeSetId": "AAAC",
    "code": "06",
    "status": "",
    "url": "",
    "id": "23D7BC22BDC0272AE055000000000001",
    "pid": "23D9818423E332EEE055000000000001",
    "text": "河南省（豫） ",
    "state": "",
    "iconCls": "",
    "checked": "",
    "attributes": "",
    "children": "",
    "type": "dic"
  },
  {
    "uuid": "1F0AC36047BAC63FE055000000000001",
    "isDel": 0,
    "creatorId": "",
    "creator": "",
    "createTime": "2016-09-21 15:41:40",
    "modifierId": "",
    "modifier": "",
    "modifyTime": "2016-09-21 15:41:40",
    "remark": "",
    "sort": null,
    "levelId": 1,
    "codeSetId": "AAAC",
    "code": "07",
    "status": "",
    "url": "",
    "id": "23D7BC22BDC1272AE055000000000001",
    "pid": "23D9818423E332EEE055000000000001",
    "text": "云南省（云） ",
    "state": "",
    "iconCls": "",
    "checked": "",
    "attributes": "",
    "children": "",
    "type": "dic"
  },
  {
    "uuid": "1F0AC36047BBC63FE055000000000001",
    "isDel": 0,
    "creatorId": "",
    "creator": "",
    "createTime": "2016-09-21 15:41:40",
    "modifierId": "",
    "modifier": "",
    "modifyTime": "2016-09-21 15:41:40",
    "remark": "",
    "sort": null,
    "levelId": 1,
    "codeSetId": "AAAC",
    "code": "08",
    "status": "",
    "url": "",
    "id": "23D7BC22BDC2272AE055000000000001",
    "pid": "23D9818423E332EEE055000000000001",
    "text": "辽宁省（辽） ",
    "state": "",
    "iconCls": "",
    "checked": "",
    "attributes": "",
    "children": "",
    "type": "dic"
  },
  {
    "uuid": "1F0AC36047BCC63FE055000000000001",
    "isDel": 0,
    "creatorId": "",
    "creator": "",
    "createTime": "2016-09-21 15:41:40",
    "modifierId": "",
    "modifier": "",
    "modifyTime": "2016-09-21 15:41:40",
    "remark": "",
    "sort": null,
    "levelId": 1,
    "codeSetId": "AAAC",
    "code": "09",
    "status": "",
    "url": "",
    "id": "23D7BC22BDE7272AE055000000000001",
    "pid": "23D9818423E332EEE055000000000001",
    "text": "黑龙江省（黑） ",
    "state": "",
    "iconCls": "",
    "checked": "",
    "attributes": "",
    "children": "",
    "type": "dic"
  },
  {
    "uuid": "1F0AC36047BDC63FE055000000000001",
    "isDel": 0,
    "creatorId": "",
    "creator": "",
    "createTime": "2016-09-21 15:41:40",
    "modifierId": "",
    "modifier": "",
    "modifyTime": "2016-09-21 15:41:40",
    "remark": "",
    "sort": null,
    "levelId": 1,
    "codeSetId": "AAAC",
    "code": "10",
    "status": "",
    "url": "",
    "id": "23D7BC22BDC3272AE055000000000001",
    "pid": "23D9818423E332EEE055000000000001",
    "text": "湖南省（湘） ",
    "state": "",
    "iconCls": "",
    "checked": "",
    "attributes": "",
    "children": "",
    "type": "dic"
  },
  {
    "uuid": "1F0AC36047BEC63FE055000000000001",
    "isDel": 0,
    "creatorId": "",
    "creator": "",
    "createTime": "2016-09-21 15:41:40",
    "modifierId": "",
    "modifier": "",
    "modifyTime": "2016-09-21 15:41:40",
    "remark": "",
    "sort": null,
    "levelId": 1,
    "codeSetId": "AAAC",
    "code": "11",
    "status": "",
    "url": "",
    "id": "23D7BC22BDC4272AE055000000000001",
    "pid": "23D9818423E332EEE055000000000001",
    "text": "安徽省（皖） ",
    "state": "",
    "iconCls": "",
    "checked": "",
    "attributes": "",
    "children": "",
    "type": "dic"
  },
  {
    "uuid": "1F0AC36047BFC63FE055000000000001",
    "isDel": 0,
    "creatorId": "",
    "creator": "",
    "createTime": "2016-09-21 15:41:40",
    "modifierId": "",
    "modifier": "",
    "modifyTime": "2016-09-21 15:41:40",
    "remark": "",
    "sort": null,
    "levelId": 1,
    "codeSetId": "AAAC",
    "code": "12",
    "status": "",
    "url": "",
    "id": "23D7BC22BDE8272AE055000000000001",
    "pid": "23D9818423E332EEE055000000000001",
    "text": "山东省（鲁） ",
    "state": "",
    "iconCls": "",
    "checked": "",
    "attributes": "",
    "children": "",
    "type": "dic"
  },
  {
    "uuid": "1F0AC36047C0C63FE055000000000001",
    "isDel": 0,
    "creatorId": "",
    "creator": "",
    "createTime": "2016-09-21 15:41:40",
    "modifierId": "",
    "modifier": "",
    "modifyTime": "2016-09-21 15:41:40",
    "remark": "",
    "sort": null,
    "levelId": 1,
    "codeSetId": "AAAC",
    "code": "13",
    "status": "",
    "url": "",
    "id": "23D7BC22BDC5272AE055000000000001",
    "pid": "23D9818423E332EEE055000000000001",
    "text": "新疆维吾尔（新） ",
    "state": "",
    "iconCls": "",
    "checked": "",
    "attributes": "",
    "children": "",
    "type": "dic"
  },
  {
    "uuid": "1F0AC36047C1C63FE055000000000001",
    "isDel": 0,
    "creatorId": "",
    "creator": "",
    "createTime": "2016-09-21 15:41:40",
    "modifierId": "",
    "modifier": "",
    "modifyTime": "2016-09-21 15:41:40",
    "remark": "",
    "sort": null,
    "levelId": 1,
    "codeSetId": "AAAC",
    "code": "14",
    "status": "",
    "url": "",
    "id": "23D7BC22BDC6272AE055000000000001",
    "pid": "23D9818423E332EEE055000000000001",
    "text": "江苏省（苏） ",
    "state": "",
    "iconCls": "",
    "checked": "",
    "attributes": "",
    "children": "",
    "type": "dic"
  },
  {
    "uuid": "1F0AC36047C2C63FE055000000000001",
    "isDel": 0,
    "creatorId": "",
    "creator": "",
    "createTime": "2016-09-21 15:41:40",
    "modifierId": "",
    "modifier": "",
    "modifyTime": "2016-09-21 15:41:40",
    "remark": "",
    "sort": null,
    "levelId": 1,
    "codeSetId": "AAAC",
    "code": "15",
    "status": "",
    "url": "",
    "id": "23D7BC22BDC7272AE055000000000001",
    "pid": "23D9818423E332EEE055000000000001",
    "text": "浙江省（浙） ",
    "state": "",
    "iconCls": "",
    "checked": "",
    "attributes": "",
    "children": "",
    "type": "dic"
  },
  {
    "uuid": "1F0AC36047C3C63FE055000000000001",
    "isDel": 0,
    "creatorId": "",
    "creator": "",
    "createTime": "2016-09-21 15:41:40",
    "modifierId": "",
    "modifier": "",
    "modifyTime": "2016-09-21 15:41:40",
    "remark": "",
    "sort": null,
    "levelId": 1,
    "codeSetId": "AAAC",
    "code": "16",
    "status": "",
    "url": "",
    "id": "23D7BC22BDE9272AE055000000000001",
    "pid": "23D9818423E332EEE055000000000001",
    "text": "江西省（赣） ",
    "state": "",
    "iconCls": "",
    "checked": "",
    "attributes": "",
    "children": "",
    "type": "dic"
  },
  {
    "uuid": "1F0AC36047C4C63FE055000000000001",
    "isDel": 0,
    "creatorId": "",
    "creator": "",
    "createTime": "2016-09-21 15:41:40",
    "modifierId": "",
    "modifier": "",
    "modifyTime": "2016-09-21 15:41:40",
    "remark": "",
    "sort": null,
    "levelId": 1,
    "codeSetId": "AAAC",
    "code": "17",
    "status": "",
    "url": "",
    "id": "23D7BC22BDC8272AE055000000000001",
    "pid": "23D9818423E332EEE055000000000001",
    "text": "湖北省（鄂） ",
    "state": "",
    "iconCls": "",
    "checked": "",
    "attributes": "",
    "children": "",
    "type": "dic"
  },
  {
    "uuid": "1F0AC36047C5C63FE055000000000001",
    "isDel": 0,
    "creatorId": "",
    "creator": "",
    "createTime": "2016-09-21 15:41:40",
    "modifierId": "",
    "modifier": "",
    "modifyTime": "2016-09-21 15:41:40",
    "remark": "",
    "sort": null,
    "levelId": 1,
    "codeSetId": "AAAC",
    "code": "18",
    "status": "",
    "url": "",
    "id": "23D7BC22BDC9272AE055000000000001",
    "pid": "23D9818423E332EEE055000000000001",
    "text": "广西壮族（桂） ",
    "state": "",
    "iconCls": "",
    "checked": "",
    "attributes": "",
    "children": "",
    "type": "dic"
  },
  {
    "uuid": "1F0AC36047C6C63FE055000000000001",
    "isDel": 0,
    "creatorId": "",
    "creator": "",
    "createTime": "2016-09-21 15:41:40",
    "modifierId": "",
    "modifier": "",
    "modifyTime": "2016-09-21 15:41:40",
    "remark": "",
    "sort": null,
    "levelId": 1,
    "codeSetId": "AAAC",
    "code": "19",
    "status": "",
    "url": "",
    "id": "23D7BC22BDCA272AE055000000000001",
    "pid": "23D9818423E332EEE055000000000001",
    "text": "甘肃省（甘） ",
    "state": "",
    "iconCls": "",
    "checked": "",
    "attributes": "",
    "children": "",
    "type": "dic"
  },
  {
    "uuid": "1F0AC36047C7C63FE055000000000001",
    "isDel": 0,
    "creatorId": "",
    "creator": "",
    "createTime": "2016-09-21 15:41:40",
    "modifierId": "",
    "modifier": "",
    "modifyTime": "2016-09-21 15:41:40",
    "remark": "",
    "sort": null,
    "levelId": 1,
    "codeSetId": "AAAC",
    "code": "20",
    "status": "",
    "url": "",
    "id": "23D7BC22BDEA272AE055000000000001",
    "pid": "23D9818423E332EEE055000000000001",
    "text": "山西省（晋） ",
    "state": "",
    "iconCls": "",
    "checked": "",
    "attributes": "",
    "children": "",
    "type": "dic"
  },
  {
    "uuid": "1F0AC36047C8C63FE055000000000001",
    "isDel": 0,
    "creatorId": "",
    "creator": "",
    "createTime": "2016-09-21 15:41:40",
    "modifierId": "",
    "modifier": "",
    "modifyTime": "2016-09-21 15:41:40",
    "remark": "",
    "sort": null,
    "levelId": 1,
    "codeSetId": "AAAC",
    "code": "21",
    "status": "",
    "url": "",
    "id": "23D7BC22BDCB272AE055000000000001",
    "pid": "23D9818423E332EEE055000000000001",
    "text": "内蒙古（蒙） ",
    "state": "",
    "iconCls": "",
    "checked": "",
    "attributes": "",
    "children": "",
    "type": "dic"
  },
  {
    "uuid": "1F0AC36047C9C63FE055000000000001",
    "isDel": 0,
    "creatorId": "",
    "creator": "",
    "createTime": "2016-09-21 15:41:40",
    "modifierId": "",
    "modifier": "",
    "modifyTime": "2016-09-21 15:41:40",
    "remark": "",
    "sort": null,
    "levelId": 1,
    "codeSetId": "AAAC",
    "code": "22",
    "status": "",
    "url": "",
    "id": "23D7BC22BDCC272AE055000000000001",
    "pid": "23D9818423E332EEE055000000000001",
    "text": "陕西省（陕） ",
    "state": "",
    "iconCls": "",
    "checked": "",
    "attributes": "",
    "children": "",
    "type": "dic"
  },
  {
    "uuid": "1F0AC36047CAC63FE055000000000001",
    "isDel": 0,
    "creatorId": "",
    "creator": "",
    "createTime": "2016-09-21 15:41:40",
    "modifierId": "",
    "modifier": "",
    "modifyTime": "2016-09-21 15:41:40",
    "remark": "",
    "sort": null,
    "levelId": 1,
    "codeSetId": "AAAC",
    "code": "23",
    "status": "",
    "url": "",
    "id": "23D7BC22BDCD272AE055000000000001",
    "pid": "23D9818423E332EEE055000000000001",
    "text": "吉林省（吉） ",
    "state": "",
    "iconCls": "",
    "checked": "",
    "attributes": "",
    "children": "",
    "type": "dic"
  },
  {
    "uuid": "1F0AC36047CBC63FE055000000000001",
    "isDel": 0,
    "creatorId": "",
    "creator": "",
    "createTime": "2016-09-21 15:41:40",
    "modifierId": "",
    "modifier": "",
    "modifyTime": "2016-09-21 15:41:40",
    "remark": "",
    "sort": null,
    "levelId": 1,
    "codeSetId": "AAAC",
    "code": "24",
    "status": "",
    "url": "",
    "id": "23D7BC22BDEB272AE055000000000001",
    "pid": "23D9818423E332EEE055000000000001",
    "text": "福建省（闽） ",
    "state": "",
    "iconCls": "",
    "checked": "",
    "attributes": "",
    "children": "",
    "type": "dic"
  },
  {
    "uuid": "1F0AC36047CCC63FE055000000000001",
    "isDel": 0,
    "creatorId": "",
    "creator": "",
    "createTime": "2016-09-21 15:41:40",
    "modifierId": "",
    "modifier": "",
    "modifyTime": "2016-09-21 15:41:40",
    "remark": "",
    "sort": null,
    "levelId": 1,
    "codeSetId": "AAAC",
    "code": "25",
    "status": "",
    "url": "",
    "id": "23D7BC22BDCE272AE055000000000001",
    "pid": "23D9818423E332EEE055000000000001",
    "text": "贵州省（贵） ",
    "state": "",
    "iconCls": "",
    "checked": "",
    "attributes": "",
    "children": "",
    "type": "dic"
  },
  {
    "uuid": "1F0AC36047CDC63FE055000000000001",
    "isDel": 0,
    "creatorId": "",
    "creator": "",
    "createTime": "2016-09-21 15:41:40",
    "modifierId": "",
    "modifier": "",
    "modifyTime": "2016-09-21 15:41:40",
    "remark": "",
    "sort": null,
    "levelId": 1,
    "codeSetId": "AAAC",
    "code": "26",
    "status": "",
    "url": "",
    "id": "23D7BC22BDCF272AE055000000000001",
    "pid": "23D9818423E332EEE055000000000001",
    "text": "广东省（粤） ",
    "state": "",
    "iconCls": "",
    "checked": "",
    "attributes": "",
    "children": "",
    "type": "dic"
  },
  {
    "uuid": "1F0AC36047CEC63FE055000000000001",
    "isDel": 0,
    "creatorId": "",
    "creator": "",
    "createTime": "2016-09-21 15:41:40",
    "modifierId": "",
    "modifier": "",
    "modifyTime": "2016-09-21 15:41:40",
    "remark": "",
    "sort": null,
    "levelId": 1,
    "codeSetId": "AAAC",
    "code": "27",
    "status": "",
    "url": "",
    "id": "23D7BC22BDEC272AE055000000000001",
    "pid": "23D9818423E332EEE055000000000001",
    "text": "青海省（青） ",
    "state": "",
    "iconCls": "",
    "checked": "",
    "attributes": "",
    "children": "",
    "type": "dic"
  },
  {
    "uuid": "1F0AC36047CFC63FE055000000000001",
    "isDel": 0,
    "creatorId": "",
    "creator": "",
    "createTime": "2016-09-21 15:41:40",
    "modifierId": "",
    "modifier": "",
    "modifyTime": "2016-09-21 15:41:40",
    "remark": "",
    "sort": null,
    "levelId": 1,
    "codeSetId": "AAAC",
    "code": "28",
    "status": "",
    "url": "",
    "id": "23D7BC22BDD0272AE055000000000001",
    "pid": "23D9818423E332EEE055000000000001",
    "text": "西藏（藏） ",
    "state": "",
    "iconCls": "",
    "checked": "",
    "attributes": "",
    "children": "",
    "type": "dic"
  },
  {
    "uuid": "1F0AC36047D0C63FE055000000000001",
    "isDel": 0,
    "creatorId": "",
    "creator": "",
    "createTime": "2016-09-21 15:41:40",
    "modifierId": "",
    "modifier": "",
    "modifyTime": "2016-09-21 15:41:40",
    "remark": "",
    "sort": null,
    "levelId": 1,
    "codeSetId": "AAAC",
    "code": "29",
    "status": "",
    "url": "",
    "id": "23D7BC22BDD1272AE055000000000001",
    "pid": "23D9818423E332EEE055000000000001",
    "text": "四川省（川） ",
    "state": "",
    "iconCls": "",
    "checked": "",
    "attributes": "",
    "children": "",
    "type": "dic"
  },
  {
    "uuid": "1F0AC36047D1C63FE055000000000001",
    "isDel": 0,
    "creatorId": "",
    "creator": "",
    "createTime": "2016-09-21 15:41:40",
    "modifierId": "",
    "modifier": "",
    "modifyTime": "2016-09-21 15:41:40",
    "remark": "",
    "sort": null,
    "levelId": 1,
    "codeSetId": "AAAC",
    "code": "30",
    "status": "",
    "url": "",
    "id": "23D7BC22BDD2272AE055000000000001",
    "pid": "23D9818423E332EEE055000000000001",
    "text": "宁夏回族（宁） ",
    "state": "",
    "iconCls": "",
    "checked": "",
    "attributes": "",
    "children": "",
    "type": "dic"
  },
  {
    "uuid": "1F0AC36047D2C63FE055000000000001",
    "isDel": 0,
    "creatorId": "",
    "creator": "",
    "createTime": "2016-09-21 15:41:40",
    "modifierId": "",
    "modifier": "",
    "modifyTime": "2016-09-21 15:41:40",
    "remark": "",
    "sort": null,
    "levelId": 1,
    "codeSetId": "AAAC",
    "code": "31",
    "status": "",
    "url": "",
    "id": "23D7BC22BDED272AE055000000000001",
    "pid": "23D9818423E332EEE055000000000001",
    "text": "海南省（琼）",
    "state": "",
    "iconCls": "",
    "checked": "",
    "attributes": "",
    "children": "",
    "type": "dic"
  },
  {
    "uuid": "1F0AC36047D3C63FE055000000000001",
    "isDel": 0,
    "creatorId": "",
    "creator": "",
    "createTime": "2016-09-21 15:41:40",
    "modifierId": "",
    "modifier": "",
    "modifyTime": "2016-09-21 15:41:40",
    "remark": "",
    "sort": null,
    "levelId": 1,
    "codeSetId": "AAAC",
    "code": "32",
    "status": "",
    "url": "",
    "id": "23D7BC22BDD3272AE055000000000001",
    "pid": "23D9818423E332EEE055000000000001",
    "text": "台湾省（台）",
    "state": "",
    "iconCls": "",
    "checked": "",
    "attributes": "",
    "children": "",
    "type": "dic"
  },
  {
    "uuid": "1F0AC36047D4C63FE055000000000001",
    "isDel": 0,
    "creatorId": "",
    "creator": "",
    "createTime": "2016-09-21 15:41:40",
    "modifierId": "",
    "modifier": "",
    "modifyTime": "2016-09-21 15:41:40",
    "remark": "",
    "sort": null,
    "levelId": 1,
    "codeSetId": "AAAC",
    "code": "33",
    "status": "",
    "url": "",
    "id": "23D7BC22BDD4272AE055000000000001",
    "pid": "23D9818423E332EEE055000000000001",
    "text": "香港特别行政区",
    "state": "",
    "iconCls": "",
    "checked": "",
    "attributes": "",
    "children": "",
    "type": "dic"
  },
  {
    "uuid": "1F0AC36047D5C63FE055000000000001",
    "isDel": 0,
    "creatorId": "",
    "creator": "",
    "createTime": "2016-09-21 15:41:40",
    "modifierId": "",
    "modifier": "",
    "modifyTime": "2016-09-21 15:41:40",
    "remark": "",
    "sort": null,
    "levelId": 1,
    "codeSetId": "AAAC",
    "code": "34",
    "status": "",
    "url": "",
    "id": "23D7BC22BDD5272AE055000000000001",
    "pid": "23D9818423E332EEE055000000000001",
    "text": "澳门特别行政区",
    "state": "",
    "iconCls": "",
    "checked": "",
    "attributes": "",
    "children": "",
    "type": "dic"
  }
]