{
  "code": 0
  ,"msg": ""
  ,"data": {
    "owner": {
      "username": "贤心"
      ,"id": "100001"
      ,"avatar": "http://tp1.sinaimg.cn/1571889140/180/40030060651/1"
      ,"sign": "这些都是测试数据，实际使用请严格按照该格式返回"
    }
    ,"members": 12
    ,"list": [{
      "username": "贤心"
      ,"id": "100001"
      ,"avatar": "http://tp1.sinaimg.cn/1571889140/180/40030060651/1"
      ,"sign": "这些都是测试数据，实际使用请严格按照该格式返回"
    },{
      "username": "Z_子晴"
      ,"id": "108101"
      ,"avatar": "http://tva3.sinaimg.cn/crop.0.0.512.512.180/8693225ajw8f2rt20ptykj20e80e8weu.jpg"
      ,"sign": "微电商达人"
    },{
      "username": "Lemon_CC"
      ,"id": "102101"
      ,"avatar": "http://tp2.sinaimg.cn/1833062053/180/5643591594/0"
      ,"sign": ""
    },{
      "username": "马小云"
      ,"id": "168168"
      ,"avatar": "http://tp4.sinaimg.cn/2145291155/180/5601307179/1"
      ,"sign": "让天下没有难写的代码"
    },{
      "username": "徐小峥"
      ,"id": "666666"
      ,"avatar": "http://tp2.sinaimg.cn/1783286485/180/5677568891/1"
      ,"sign": "代码在囧途，也要写到底"
    },{
      "username": "罗玉凤"
      ,"id": "121286"
      ,"avatar": "http://tp1.sinaimg.cn/1241679004/180/5743814375/0"
      ,"sign": "在自己实力不济的时候，不要去相信什么媒体和记者。他们不是善良的人，有时候候他们的采访对当事人而言就是陷阱"
    },{
      "username": "长泽梓Azusa"
      ,"id": "100001222"
      ,"avatar": "http://tva1.sinaimg.cn/crop.0.0.180.180.180/86b15b6cjw1e8qgp5bmzyj2050050aa8.jpg"
      ,"sign": "我是日本女艺人长泽あずさ"
    },{
      "username": "大鱼_MsYuyu"
      ,"id": "12123454"
      ,"avatar": "http://tp1.sinaimg.cn/5286730964/50/5745125631/0"
      ,"sign": "我瘋了！這也太準了吧  超級笑點低"
    },{
      "username": "谢楠"
      ,"id": "10034001"
      ,"avatar": "http://tp4.sinaimg.cn/1665074831/180/5617130952/0"
      ,"sign": ""
    },{
      "username": "柏雪近在它香"
      ,"id": "3435343"
      ,"avatar": "http://tp2.sinaimg.cn/2518326245/180/5636099025/0"
      ,"sign": ""
    },{
      "username": "林心如"
      ,"id": "76543"
      ,"avatar": "http://tp3.sinaimg.cn/1223762662/180/5741707953/0"
      ,"sign": "我爱贤心"
    },{
      "username": "佟丽娅"
      ,"id": "4803920"
      ,"avatar": "http://tp4.sinaimg.cn/1345566427/180/5730976522/0"
      ,"sign": "我也爱贤心吖吖啊"
    }]
  }
}