[
  {
    "uuid": "110000",
    "isDel": 0,
    "creatorId": "admin",
    "creator": "小策一喋",
    "createTime": "2017-02-15 09:16:02",
    "modifierId": "admin",
    "modifier": "小策一喋",
    "modifyTime": "2017-02-15 09:16:02",
    "remark": "",
    "sort": 1,
    "levelId": 4,
    "codeSetId": "AGA",
    "code": "",
    "status": "",
    "url": "",
    "id": "71A1A800E8BC4BE99E7EDF6591E88244",
    "pid": "31643765E6824628BBB51AEB99949E2B",
    "text": "中国",
    "state": "closed",
    "iconCls": "",
    "checked": "",
    "attributes": "",
    "children": "",
    "type": ""
  },
  {
    "uuid": "120000",
    "isDel": 0,
    "creatorId": "admin",
    "creator": "小策一喋",
    "createTime": "2017-02-15 09:16:02",
    "modifierId": "admin",
    "modifier": "小策一喋",
    "modifyTime": "2017-02-15 09:16:02",
    "remark": "",
    "sort": 2,
    "levelId": 4,
    "codeSetId": "AGA",
    "code": "",
    "status": "",
    "url": "",
    "id": "71A1A800E8BC4BE99E7EDF6591E88245",
    "pid": "31643765E6824628BBB51AEB99949E2B",
    "text": "美国",
    "state": "closed",
    "iconCls": "",
    "checked": "",
    "attributes": "",
    "children": "",
    "type": ""
  }
]