[
  {
    "id": 663,
    "pid": 70,
    "text": "日常办公",
    "state": "closed",
    "iconCls": "fa fa-user",
    "url": ""
  },
  {
    "id": 664,
    "pid": 70,
    "text": "行政办公",
    "state": "closed",
    "iconCls": "fa fa-calendar",
    "url": ""
  },
  {
    "id": 665,
    "pid": 70,
    "text": "人力资源",
    "state": "closed",
    "iconCls": "fa fa-money",
    "url": ""
  },
  {
    "id": 666,
    "pid": 70,
    "text": "采购模块",
    "state": "closed",
    "iconCls": "fa fa-cubes",
    "url": ""
  },
  {
    "id": 667,
    "pid": 70,
    "text": "工程模块",
    "state": "closed",
    "iconCls": "fa fa-file-text-o",
    "url": ""
  },
  {
    "id": 668,
    "pid": 70,
    "text": "财务模块",
    "state": "closed",
    "iconCls": "fa fa-file-text-o",
    "url": ""
  },
  {
    "id": 669,
    "pid": 70,
    "text": "审批项目",
    "state": "closed",
    "iconCls": "fa fa-file-text-o",
    "url": ""
  }
]