[
  {
    "id": 13651,
    "pid": 1350,
    "state": "open",
    "iconCls": "fa fa-file-text-o",
    "text": "广告管理",
    "url":"./html/base/parser.html"
  },
  {
    "id": 13653,
    "pid": 1350,
    "state": "open",
    "iconCls": "fa fa-file-text-o",
    "text": "分类管理",
    "url": "./html/base/draggable.html"
  },
  {
    "id": 13653,
    "pid": 1350,
    "state": "open",
    "iconCls": "fa fa-file-text-o",
    "text": "放置",
    "url": "./html/base/droppable.html"
  },
  {
    "id": 13653,
    "pid": 1350,
    "state": "open",
    "iconCls": "fa fa-file-text-o",
    "text": "调整大小",
    "url": "./html/base/resizable.html"
  },
  {
    "id": 13653,
    "pid": 1350,
    "state": "open",
    "iconCls": "fa fa-file-text-o",
    "text": "分页",
    "url": "./html/base/pagination.html"
  },
  {
    "id": 13653,
    "pid": 1350,
    "state": "open",
    "iconCls": "fa fa-file-text-o",
    "text": "搜索框",
    "url": "./html/base/searchBox.html"
  },
  {
    "id": 13653,
    "pid": 1350,
    "state": "open",
    "iconCls": "fa fa-file-text-o",
    "text": "进度条",
    "url": "./html/base/progressBar.html"
  },
  {
    "id": 13653,
    "pid": 1350,
    "state": "open",
    "iconCls": "fa fa-file-text-o",
    "text": "提示框",
    "url": "./html/base/tooltip.html"
  }
]
