[
  {
    "id": 1346,
    "pid": 214,
    "state": "open",
    "iconCls": "fa fa-file-text-o",
    "text": "交易信息",
    "url": "./page/jyguanli/transaction.html"
  },
  {
    "id": 1348,
    "pid": 214,
    "state": "open",
    "iconCls": "fa fa-file-text-o",
    "text": "交易订单（图）",
    "url": "./page/jyguanli/Order_Chart.html"
  },
  {
    "id": 1347,
    "pid": 214,
    "state": "open",
    "iconCls": "fa fa-file-text-o",
    "text": "订单管理",
    "url": "./page/jyguanli/Orderform.html"
  },
  {
    "id": 1347,
    "pid": 214,
    "state": "open",
    "iconCls": "fa fa-file-text-o",
    "text": "交易金额",
    "url": "./page/jyguanli/Amounts.html"
  }
  ,
  {
    "id": 1347,
    "pid": 214,
    "state": "open",
    "iconCls": "fa fa-file-text-o",
    "text": "订单处理",
    "url": "./page/jyguanli/Order_handling.html"
  },
  {
    "id": 1347,
    "pid": 214,
    "state": "open",
    "iconCls": "fa fa-file-text-o",
    "text": "退款管理",
    "url": "./page/jyguanli/Refund.html"
  }
]