[
  {
    "id": 201,
    "pid": 215,
    "state": "open",
    "iconCls": "fa fa-file-text-o",
    "text": "账户管理",
    "url": "./page/zfguanli/Cover_management.html"
  },
  {
    "id": 211,
    "pid": 215,
    "state": "open",
    "iconCls": "fa fa-file-text-o",
    "text": "支付方式",
    "url": "./page/zfguanli/payment_method.html"
  },
  {
    "id": 202,
    "pid": 215,
    "state": "open",
    "iconCls": "fa fa-file-text-o",
    "text": "支付配置",
    "url": "./page/zfguanli/Payment_Configure.html"
  }
]