[
    {
      "id": 1346,
      "pid": 661,
      "state": "open",
      "iconCls": "fa fa-file-text-o",
      "text": "系统设置",
      "url": "./page/xitong/Systems.html"
    },
    {
      "id": 1346,
      "pid": 661,
      "state": "open",
      "iconCls": "fa fa-file-text-o",
      "text": "系统栏目管理",
      "url": "./page/xitong/System_section.html"
    },
    {
      "id": 1346,
      "pid": 661,
      "state": "open",
      "iconCls": "fa fa-file-text-o",
      "text": "系统日志",
      "url": "./page/xitong/System_Logs.html"
    }
  ]