[
    {
      "id": 1346,
      "pid": 667,
      "state": "open",
      "iconCls": "fa fa-file-text-o",
      "text": "工程立项",
      "url": " "
    },
    {
      "id": 1346,
      "pid": 667,
      "state": "open",
      "iconCls": "fa fa-file-text-o",
      "text": "工程进度",
      "url": " "
    },
    {
      "id": 1346,
      "pid": 667,
      "state": "open",
      "iconCls": "fa fa-file-text-o",
      "text": "工程材料",
      "url": " "
    },
    {
      "id": 1346,
      "pid": 667,
      "state": "open",
      "iconCls": "fa fa-file-text-o",
      "text": "工程合同",
      "url": " "
    }
]