[
  {
    "id": 1364,
    "pid": 60,
    "text": "开始使用",
    "state": "closed",
    "iconCls": "fa fa-folder",
    "url": ""
  },
  {
  "id": 1363,
  "pid": 60,
  "text": "基础组件",
  "state": "closed",
  "iconCls": "fa fa-folder",
  "url": ""
},
  {
    "id": 214,
    "pid": 60,
    "text": "页面布局",
    "state": "closed",
    "iconCls": "fa fa-folder",
    "url": ""
  },
  {
    "id": 215,
    "pid": 60,
    "text": "菜单按钮",
    "state": "closed",
    "iconCls": "fa fa-folder",
    "url": ""
  },
  {
    "id": 658,
    "pid": 60,
    "text": "表单组件",
    "state": "closed",
    "iconCls": "fa fa-folder",
    "url": ""
  },
  {
    "id": 659,
    "pid": 60,
    "text": "窗口组件",
    "state": "closed",
    "iconCls": "fa fa-folder",
    "url": ""
  },
  {
    "id": 660,
    "pid": 60,
    "text": "表格和树",
    "state": "closed",
    "iconCls": "fa fa-folder",
    "url": ""
  },
  {
    "id": 662,
    "pid": 60,
    "text": "扩展组件",
    "state": "closed",
    "iconCls": "fa fa-folder",
    "url": ""
  }
]