[
  {
    "id": 1357,
    "pid": 1330,
    "state": "open",
    "iconCls": "fa fa-file-text-o",
    "text": "折线图",
    "url": "./html/echarts/line.html"
  },
  {
    "id": 1355,
    "pid": 1330,
    "state": "open",
    "iconCls": "fa fa-file-text-o",
    "text": "柱状图",
    "url": "./html/echarts/bar.html"
  },
  {
    "id": 1356,
    "pid": 1330,
    "state": "open",
    "iconCls": "fa fa-file-text-o",
    "text": "饼图",
    "url": "./html/echarts/pie.html"
  },
  {
    "id": 1357,
    "pid": 1330,
    "state": "open",
    "iconCls": "fa fa-file-text-o",
    "text": "雷达图",
    "url": "./html/echarts/radar.html"
  }
]