[
  {
    "id": 1359,
    "pid": 13502,
    "state": "open",
    "iconCls": "fa fa-file-text-o",
    "text": "左右两列布局1",
    "url": "./html/layout/layout_wc1.html"
  },
  {
    "id": 1359,
    "pid": 13502,
    "state": "open",
    "iconCls": "fa fa-file-text-o",
    "text": "左右两列布局2",
    "url": "./html/layout/layout_wc2.html"
  },
  {
    "id": 1359,
    "pid": 13502,
    "state": "open",
    "iconCls": "fa fa-file-text-o",
    "text": "左右两列布局3",
    "url": "./html/layout/layout_wcs.html"
  },
  {
    "id": 1359,
    "pid": 13502,
    "state": "open",
    "iconCls": "fa fa-file-text-o",
    "text": "左右两列布局4",
    "url": "./html/layout/layout_cse.html"
  },
  {
    "id": 1360,
    "pid": 13502,
    "state": "open",
    "iconCls": "fa fa-file-text-o",
    "text": "上下两行布局1",
    "url": "./html/layout/layout_nc1.html"
  },
  {
    "id": 1360,
    "pid": 13502,
    "state": "open",
    "iconCls": "fa fa-file-text-o",
    "text": "上下两行布局2",
    "url": "./html/layout/layout_nc2.html"
  },
  {
    "id": 1361,
    "pid": 13502,
    "state": "open",
    "iconCls": "fa fa-file-text-o",
    "text": "左中右三列布局1",
    "url": "./html/layout/layout_wce1.html"
  },
  {
    "id": 1361,
    "pid": 13502,
    "state": "open",
    "iconCls": "fa fa-file-text-o",
    "text": "左中右三列布局2",
    "url": "./html/layout/layout_wce2.html"
  }
]