[
  {
    "id": 203,
    "pid": 1327,
    "state": "open",
    "iconCls": "fa fa-file-text-o",
    "text": "文本框",
    "url": "./html/form/textbox.html"
  },
  {
    "id": 204,
    "pid": 1327,
    "state": "open",
    "iconCls": "fa fa-file-text-o",
    "text": "密码框",
    "url": "./html/form/passwordbox.html"
  },
  {
    "id": 254,
    "pid": 1327,
    "state": "open",
    "iconCls": "fa fa-file-text-o",
    "text": "掩码输入框",
    "url": "./html/form/maskedbox.html"
  },
  {
    "id": 206,
    "pid": 1327,
    "state": "open",
    "iconCls": "fa fa-file-text-o",
    "text": "下拉列表框",
    "url": "./html/form/combobox.html"
  },
  {
    "id": 207,
    "pid": 1327,
    "state": "open",
    "iconCls": "fa fa-file-text-o",
    "text": "树形下拉框",
    "url": "./html/form/combotree.html"
  },
  {
    "id": 208,
    "pid": 1327,
    "state": "open",
    "iconCls": "fa fa-file-text-o",
    "text": "数据表格下拉框",
    "url": "./html/form/combogrid.html"
  },
  {
    "id": 209,
    "pid": 1327,
    "state": "open",
    "iconCls": "fa fa-file-text-o",
    "text": "树形表格下拉框",
    "url": "./html/form/combotreegrid.html"
  },
  {
    "id": 210,
    "pid": 1327,
    "state": "open",
    "iconCls": "fa fa-file-text-o",
    "text": "标签框",
    "url": "./html/form/tagbox.html"
  },
  {
    "id": 211,
    "pid": 1327,
    "state": "open",
    "iconCls": "fa fa-file-text-o",
    "text": "数值输入框",
    "url": "./html/form/numberbox.html"
  },
  {
    "id": 212,
    "pid": 1327,
    "state": "open",
    "iconCls": "fa fa-file-text-o",
    "text": "日期输入框",
    "url": "./html/form/datebox.html"
  },
  {
    "id": 213,
    "pid": 1327,
    "state": "open",
    "iconCls": "fa fa-file-text-o",
    "text": "日期时间输入框",
    "url": "./html/form/datetimebox.html"
  },
  {
    "id": 214,
    "pid": 1327,
    "state": "open",
    "iconCls": "fa fa-file-text-o",
    "text": "日期时间微调框",
    "url": "./html/form/datetimespinner.html"
  },
  {
    "id": 215,
    "pid": 1327,
    "state": "open",
    "iconCls": "fa fa-file-text-o",
    "text": "日历",
    "url": "./html/form/calendar.html"
  },
  {
    "id": 216,
    "pid": 1327,
    "state": "open",
    "iconCls": "fa fa-file-text-o",
    "text": "微调",
    "url": "./html/form/spinner.html"
  },
  {
    "id": 217,
    "pid": 1327,
    "state": "open",
    "iconCls": "fa fa-file-text-o",
    "text": "数字微调",
    "url": "./html/form/numberspinner.html"
  },
  {
    "id": 218,
    "pid": 215,
    "state": "open",
    "iconCls": "fa fa-file-text-o",
    "text": "时间微调",
    "url": "./html/form/timespinner.html"
  },
  {
    "id": 219,
    "pid": 1327,
    "state": "open",
    "iconCls": "fa fa-file-text-o",
    "text": "滑动条",
    "url": "./html/form/slider.html"
  },
  {
    "id": 220,
    "pid": 1327,
    "state": "open",
    "iconCls": "fa fa-file-text-o",
    "text": "文件框",
    "url": "./html/form/filebox.html"
  },
  {
    "id": 2041,
    "pid": 1327,
    "state": "open",
    "iconCls": "fa fa-file-text-o",
    "text": "复选框",
    "url": "./html/form/checkbox.html"
  },
  {
    "id": 2031,
    "pid": 1327,
    "state": "open",
    "iconCls": "fa fa-file-text-o",
    "text": "单选框",
    "url": "./html/form/radiobutton.html"
  }
]