{
  "title": {
    "text": "iphone销量",
    "subtext": "纯属虚构",
    "x": "center"
  },
  "tooltip": {
    "trigger": "item"
  },
  "legend": {
    "orient": "vertical",
    "x": "left",
    "data": [
      "iphone3",
      "iphone4",
      "iphone5"
    ]
  },
  "dataRange": {
    "min": 0,
    "max": 2500,
    "x": "left",
    "y": "bottom",
    "text": [
      "高",
      "低"
    ],
    "calculable": true
  },
  "toolbox": {
    "show": true,
    "orient": "vertical",
    "x": "right",
    "y": "center",
    "feature": {
      "mark": {
        "show": true
      },
      "dataView": {
        "show": true,
        "readOnly": false
      },
      "restore": {
        "show": true
      },
      "saveAsImage": {
        "show": true
      }
    }
  },
  "roamController": {
    "show": true,
    "x": "right",
    "mapTypeControl": {
      "china": true
    }
  },
  "series": [
    {
      "name": "iphone3",
      "type": "map",
      "mapType": "china",
      "roam": false,
      "itemStyle": {
        "normal": {
          "label": {
            "show": true
          }
        },
        "emphasis": {
          "label": {
            "show": true
          }
        }
      },
      "data": [
        {
          "name": "北京",
          "value": 523
        },
        {
          "name": "天津",
          "value": 289
        },
        {
          "name": "上海",
          "value": 816
        },
        {
          "name": "重庆",
          "value": 290
        },
        {
          "name": "河北",
          "value": 2
        },
        {
          "name": "河南",
          "value": 753
        },
        {
          "name": "云南",
          "value": 42
        },
        {
          "name": "辽宁",
          "value": 42
        },
        {
          "name": "黑龙江",
          "value": 343
        },
        {
          "name": "湖南",
          "value": 282
        },
        {
          "name": "安徽",
          "value": 772
        },
        {
          "name": "山东",
          "value": 529
        },
        {
          "name": "新疆",
          "value": 974
        },
        {
          "name": "江苏",
          "value": 420
        },
        {
          "name": "浙江",
          "value": 809
        },
        {
          "name": "江西",
          "value": 548
        },
        {
          "name": "湖北",
          "value": 120
        },
        {
          "name": "广西",
          "value": 111
        },
        {
          "name": "甘肃",
          "value": 277
        },
        {
          "name": "山西",
          "value": 910
        },
        {
          "name": "内蒙古",
          "value": 657
        },
        {
          "name": "陕西",
          "value": 113
        },
        {
          "name": "吉林",
          "value": 468
        },
        {
          "name": "福建",
          "value": 431
        },
        {
          "name": "贵州",
          "value": 251
        },
        {
          "name": "广东",
          "value": 622
        },
        {
          "name": "青海",
          "value": 967
        },
        {
          "name": "西藏",
          "value": 440
        },
        {
          "name": "四川",
          "value": 474
        },
        {
          "name": "宁夏",
          "value": 529
        },
        {
          "name": "海南",
          "value": 653
        },
        {
          "name": "台湾",
          "value": 824
        },
        {
          "name": "香港",
          "value": 195
        },
        {
          "name": "澳门",
          "value": 374
        }
      ]
    },
    {
      "name": "iphone4",
      "type": "map",
      "mapType": "china",
      "itemStyle": {
        "normal": {
          "label": {
            "show": true
          }
        },
        "emphasis": {
          "label": {
            "show": true
          }
        }
      },
      "data": [
        {
          "name": "北京",
          "value": 120
        },
        {
          "name": "天津",
          "value": 997
        },
        {
          "name": "上海",
          "value": 522
        },
        {
          "name": "重庆",
          "value": 44
        },
        {
          "name": "河北",
          "value": 200
        },
        {
          "name": "安徽",
          "value": 403
        },
        {
          "name": "新疆",
          "value": 472
        },
        {
          "name": "浙江",
          "value": 826
        },
        {
          "name": "江西",
          "value": 800
        },
        {
          "name": "山西",
          "value": 560
        },
        {
          "name": "内蒙古",
          "value": 790
        },
        {
          "name": "吉林",
          "value": 484
        },
        {
          "name": "福建",
          "value": 662
        },
        {
          "name": "广东",
          "value": 642
        },
        {
          "name": "西藏",
          "value": 276
        },
        {
          "name": "四川",
          "value": 888
        },
        {
          "name": "宁夏",
          "value": 24
        },
        {
          "name": "香港",
          "value": 705
        },
        {
          "name": "澳门",
          "value": 695
        }
      ]
    },
    {
      "name": "iphone5",
      "type": "map",
      "mapType": "china",
      "itemStyle": {
        "normal": {
          "label": {
            "show": true
          }
        },
        "emphasis": {
          "label": {
            "show": true
          }
        }
      },
      "data": [
        {
          "name": "北京",
          "value": 981
        },
        {
          "name": "天津",
          "value": 126
        },
        {
          "name": "上海",
          "value": 372
        },
        {
          "name": "广东",
          "value": 286
        },
        {
          "name": "台湾",
          "value": 588
        },
        {
          "name": "香港",
          "value": 528
        },
        {
          "name": "澳门",
          "value": 723
        }
      ]
    }
  ]
}