{
  "title": {
    "text": "南丁格尔玫瑰图",
    "subtext": "纯属虚构",
    "x":"center"
  },
  "tooltip": {
    "trigger": "item",
    "formatter": "{a} <br/>{b} ': {c} ({d}%)"
  },
  "legend": {
    "x": "center",
    "y": "bottom",
    "data":["玫瑰1","玫瑰2","玫瑰3","玫瑰4","玫瑰5","玫瑰6","玫瑰7","玫瑰8"]
  },
  "toolbox": {
    "show": true,
    "feature": {
      "mark": {"show": true},
      "dataView": {"show": true, "readOnly": false},
      "magicType": {
        "show": true,
        "type": ["pie", "funnel"]
      },
      "restore": {"show": true},
      "saveAsImage": {"show": true}
    }
  },
  "calculable ": true,
  "series": [
    {
      "name":"半径模式",
      "type":"pie",
      "radius": [20, 110],
      "center": ["25%", "50%"],
      "roseType": "radius",
      "label": {
        "normal": {
          "show": false
        },
        "emphasis": {
          "show": true
        }
      },
      "lableLine": {
        "normal": {
          "show": false
        },
        "emphasis": {
          "show": true
        }
      },
      "data":[
        {"value":10, "name":"玫瑰1"},
        {"value":5, "name":"玫瑰2"},
        {"value":15, "name":"玫瑰3"},
        {"value":25, "name":"玫瑰4"},
        {"value":20, "name":"玫瑰5"},
        {"value":35, "name":"玫瑰6"},
        {"value":30, "name":"玫瑰7"},
        {"value":40, "name":"玫瑰8"}
      ]
    },
    {
      "name":"面积模式",
      "type":"pie",
      "radius": [30, 110],
      "center": ["75%", "50%"],
      "roseType": "area",
      "data":[
        {"value":10, "name":"玫瑰1"},
        {"value":5, "name":"玫瑰2"},
        {"value":15, "name":"玫瑰3"},
        {"value":25, "name":"玫瑰4"},
        {"value":20, "name":"玫瑰5"},
        {"value":35, "name":"玫瑰6"},
        {"value":30, "name":"玫瑰7"},
        {"value":40, "name":"玫瑰8"}
      ]
    }
  ]
}