{
  "title": {
    "text": "多雷达图"
  },
  "tooltip": {
    "trigger": "axis"
  },
  "legend": {
    "x": "center",
    "data": [
      "某软件",
      "某主食手机",
      "某水果手机",
      "降水量",
      "蒸发量"
    ]
  },
  "radar": [
    {
      "indicator": [
        {
          "text": "品牌",
          "max": 100
        },
        {
          "text": "内容",
          "max": 100
        },
        {
          "text": "可用性",
          "max": 100
        },
        {
          "text": "功能",
          "max": 100
        }
      ],
      "center": [
        "25%",
        "40%"
      ],
      "radius": 80
    },
    {
      "indicator": [
        {
          "text": "外观",
          "max": 100
        },
        {
          "text": "拍照",
          "max": 100
        },
        {
          "text": "系统",
          "max": 100
        },
        {
          "text": "性能",
          "max": 100
        },
        {
          "text": "屏幕",
          "max": 100
        }
      ],
      "radius": 80,
      "center": [
        "50%",
        "60%"
      ]
    },
    {
      "indicator": [
        {
          "text": "1月",
          "max": 100
        },
        {
          "text": "2月",
          "max": 100
        },
        {
          "text": "3月",
          "max": 100
        },
        {
          "text": "4月",
          "max": 100
        },
        {
          "text": "5月",
          "max": 100
        },
        {
          "text": "6月",
          "max": 100
        },
        {
          "text": "7月",
          "max": 100
        },
        {
          "text": "8月",
          "max": 100
        },
        {
          "text": "9月",
          "max": 100
        },
        {
          "text": "10月",
          "max": 100
        },
        {
          "text": "11月",
          "max": 100
        },
        {
          "text": "12月",
          "max": 100
        }
      ],
      "center": [
        "75%",
        "40%"
      ],
      "radius": 80
    }
  ],
  "series": [
    {
      "type": "radar",
      "tooltip": {
        "trigger": "item"
      },
      "itemStyle": {
        "normal": {
          "areaStyle": {
            "type": "default"
          }
        }
      },
      "data": [
        {
          "value": [
            60,
            73,
            85,
            40
          ],
          "name": "某软件"
        }
      ]
    },
    {
      "type": "radar",
      "radarIndex": 1,
      "data": [
        {
          "value": [
            85,
            90,
            90,
            95,
            95
          ],
          "name": "某主食手机"
        },
        {
          "value": [
            95,
            80,
            95,
            90,
            93
          ],
          "name": "某水果手机"
        }
      ]
    },
    {
      "type": "radar",
      "radarIndex": 2,
      "itemStyle": {
        "normal": {
          "areaStyle": {
            "type": "default"
          }
        }
      },
      "data": [
        {
          "name": "降水量",
          "value": [
            2.6,
            5.9,
            9,
            26.4,
            28.7,
            70.7,
            75.6,
            82.2,
            48.7,
            18.8,
            6,
            2.3
          ]
        },
        {
          "name": "蒸发量",
          "value": [
            2,
            4.9,
            7,
            23.2,
            25.6,
            76.7,
            35.6,
            62.2,
            32.6,
            20,
            6.4,
            3.3
          ]
        }
      ]
    }
  ]
}