{
    "code": 0
    ,"msg": ""
    ,"count": 30
    ,"data": [{
      "id": "10001"
      ,"name": "1"
      ,"imageUrl": "../../static/images/logo/1.jpg"
      ,"nprice": "欧美城"
      ,"city": "浙江杭州"
      ,"joinTime": "2016-10-14"
      ,"ReviewStatus": "小米 Max 全网通 高配版 3GB内存 64GB ROM 金色 移动联通电信4G手机Y"
    }, {
      "id": "10002"
      ,"name": "2"
      ,"imageUrl": "../../static/images/logo/2.jpg"
      ,"nprice": "欧美城"
      ,"city": "浙江杭州"
      ,"joinTime": "2016-10-14"
      ,"ReviewStatus": "小米 Max 全网通 高配版 3GB内存 64GB ROM 金色 移动联通电信4G手机Y"
    }, {
      "id": "10003"
      ,"name": "3"
      ,"imageUrl": "../../static/images/logo/3.jpg"
      ,"nprice": "欧美城"
      ,"city": "浙江杭州"
      ,"joinTime": "2016-10-14"
      ,"ReviewStatus": "小米 Max 全网通 高配版 3GB内存 64GB ROM 金色 移动联通电信4G手机Y"
    }, {
      "id": "10004"
      ,"name": "4"
      ,"imageUrl": "../../static/images/logo/4.jpg"
      ,"nprice": "欧美城"
      ,"city": "浙江杭州"
      ,"joinTime": "2016-10-14"
      ,"ReviewStatus": "小米 Max 全网通 高配版 3GB内存 64GB ROM 金色 移动联通电信4G手机Y"
    }, {
      "id": "10005"
      ,"name": "5"
      ,"imageUrl": "../../static/images/logo/5.jpg"
      ,"nprice": "欧美城"
      ,"city": "浙江杭州"
      ,"joinTime": "2016-10-14"
      ,"ReviewStatus": "小米 Max 全网通 高配版 3GB内存 64GB ROM 金色 移动联通电信4G手机Y"
    }, {
      "id": "10006"
      ,"name": "6"
      ,"imageUrl": "../../static/images/logo/6.jpg"
      ,"nprice": "欧美城"
      ,"city": "浙江杭州"
      ,"joinTime": "2016-10-14"
      ,"ReviewStatus": "小米 Max 全网通 高配版 3GB内存 64GB ROM 金色 移动联通电信4G手机Y"
    }, {
      "id": "10007"
      ,"name": "7"
      ,"imageUrl": "../../static/images/logo/7.jpg"
      ,"nprice": "欧美城"
      ,"city": "浙江杭州"
      ,"joinTime": "2016-10-14"
      ,"ReviewStatus": "小米 Max 全网通 高配版 3GB内存 64GB ROM 金色 移动联通电信4G手机Y"
    }, {
      "id": "10008"
      ,"name": "8"
      ,"imageUrl": "../../static/images/logo/8.jpg"
      ,"nprice": "欧美城"
      ,"city": "浙江杭州"
      ,"joinTime": "2016-10-14"
      ,"ReviewStatus": "小米 Max 全网通 高配版 3GB内存 64GB ROM 金色 移动联通电信4G手机Y"
    }, {
      "id": "10009"
      ,"name": "9"
      ,"imageUrl": "../../static/images/logo/9.jpg"
      ,"nprice": "欧美城"
      ,"city": "浙江杭州"
      ,"joinTime": "2016-10-14"
      ,"ReviewStatus": "小米 Max 全网通 高配版 3GB内存 64GB ROM 金色 移动联通电信4G手机Y"
    }, {
      "id": "10010"
      ,"name": "10"
      ,"imageUrl": "../../static/images/logo/10.jpg"
      ,"nprice": "欧美城"
      ,"city": "浙江杭州"
      ,"joinTime": "2016-10-14"
      ,"ReviewStatus": "小米 Max 全网通 高配版 3GB内存 64GB ROM 金色 移动联通电信4G手机Y"
    }, {
      "id": "10011"
      ,"name": "11"
      ,"imageUrl": "../../static/images/logo/11.jpg"
      ,"nprice": "欧美城"
      ,"city": "浙江杭州"
      ,"joinTime": "2016-10-14"
      ,"ReviewStatus": "小米 Max 全网通 高配版 3GB内存 64GB ROM 金色 移动联通电信4G手机Y"
    }, {
      "id": "10012"
      ,"name": "12"
      ,"imageUrl": "../../static/images/logo/12.jpg"
      ,"nprice": "欧美城"
      ,"city": "浙江杭州"
      ,"joinTime": "2016-10-14"
      ,"ReviewStatus": "小米 Max 全网通 高配版 3GB内存 64GB ROM 金色 移动联通电信4G手机Y"
    }, {
      "id": "10013"
      ,"name": "13"
      ,"imageUrl": "../../static/images/logo/13.png"
      ,"nprice": "欧美城"
      ,"city": "浙江杭州"
      ,"joinTime": "2016-10-14"
      ,"ReviewStatus": "小米 Max 全网通 高配版 3GB内存 64GB ROM 金色 移动联通电信4G手机Y"
    }]
  }  