{
  "title": {
    "text": "交错正负轴标签",
    "subtext": "",
    "sublink": "http://e.weibo.com/1341556070/AjwF2AgQm"
  },
  "tooltip": {
    "trigger": "axis",
    "axisPointer ": {
      "type": "shadow"
    }
  },
  "grid": {
    "top": 80,
    "bottom": 30
  },
  "xAxis": {
    "type": "value",
    "position": "top",
    "splitLine": {"lineStyle":{"type":"dashed"}}
  },
  "yAxis": {
    "type": "category",
    "axisLine": {"show": false},
    "axisLabel": {"show": false},
    "axisTick": {"show": false},
    "splitLine": {"show": false},
    "data": ["十", "九", "八", "七", "六", "五", "四", "三", "二", "一"]
  },
  "series": [
    {
      "name":"生活费",
      "type":"bar",
      "stack": "总量",
      "label": {
        "normal": {
          "show": true,
          "formatter": "{b}"
        }
      },
      "data":[
        {"value": -0.07, "label": "labelRight"},
        {"value": -0.09, "label": "labelRight"},
        0.2, 0.44,
        {"value": -0.23, "label": "labelRight"},
        0.08,
        {"value": -0.17, "label": "labelRight"},
        0.47,
        {"value": -0.36, "label": "labelRight"},
        0.18
      ]
    }
  ]
}