{
  "backgroundColor": "#ffffff",
  "title": {
    "text": "定制饼图",
    "left": "center",
    "top": 20,
    "textStyle": {
      "color": "red"
    }
  },
  "tooltip ": {
    "trigger": "item",
    "formatter": "{a} <br/>{b} ': {c} ({d}%)"
  },
  "visualMap": {
    "show": false,
    "min": 80,
    "max": 600,
    "inRange": {
      "colorLightness": [
        0,
        1
      ]
    }
  },
  "series": [
    {
      "name": "访问来源",
      "type": "pie",
      "radius": "55%",
      "center": [
        "50%",
        "50%"
      ],
      "data": [
        {
          "value": 335,
          "name": "直接访问"
        },
        {
          "value": 310,
          "name": "邮件营销"
        },
        {
          "value": 274,
          "name": "联盟广告"
        },
        {
          "value": 235,
          "name": "视频广告"
        },
        {
          "value": 400,
          "name": "搜索引擎"
        }
      ],
      "roseType": "radius",
      "label": {
        "normal": {
          "textStyle": {
            "color": "red"
          }
        }
      },
      "labelLine": {
        " normal": {
          "lineStyle": {
            "color": "red"
          },
          "smooth": 0.2,
          "length": 10,
          "length2": 20
        }
      },
      "itemStyle": {
        "normal": {
          "color": "red",
          "shadowBlur": 200,
          "shadowColor": "red"
        }
      },
      "animationType": "scale",
      "animationEasing": "elasticOut"
    }
  ]
}