{
  "total": 2,
  "rows": [
    {
      "id": 4,
      "code": "200002",
      "name": "上海南宇航空运输有限公司",
      "address": "上海浦东新区惠南路815号",
      "leader": "张凯",
      "leaderPhone": "16502167890",
      "contractStartDate": "Jun 6, 2017 12:00:00 AM",
      "contractEndDate": "Jun 6, 2018 12:00:00 AM",
      "status": "1",
      "remark": "发北京，海南，辽宁，吉林"
    },
    {
      "id": 3,
      "code": "200001",
      "name": "上海希望航空运输有限公司",
      "address": "上海浦东新区金亮路680号",
      "leader": "刘明",
      "leaderPhone": "18812345678",
      "contractStartDate": "May 8, 2017 12:00:00 AM",
      "contractEndDate": "May 8, 2018 12:00:00 AM",
      "status": "1",
      "remark": "发新疆，西藏，云南，广西"
    }
  ]
}