{
  "rows": [
    {
      "uuid": "230FFB54DA2A5B81E055000000000001",
      "isDel": 0,
      "creatorId": "",
      "creator": "",
      "createTime": "2016-09-21 15:41:40",
      "modifierId": "topjui",
      "modifier": "TopJUI前端框架",
      "modifyTime": "2017-04-07 14:15:12",
      "remark": "",
      "userNameId": "admin",
      "password": "b57e0eb6abbe83d0866fb11de50726ed",
      "userName": "小策一喋",
      "nickName": null,
      "sex": 1,
      "age": 32,
      "idCard": "432522198511246666",
      "birthday": null,
      "telephone": "0755-33942020转801",
      "mobile": "18588220078",
      "email": "xvpindex@qq.com",
      "school": "北华大学",
      "education": "本科",
      "degree": "学士",
      "nation": "汉族",
      "nativePlace": "湖南省（湘） ",
      "zone": "110113",
      "country": "中国",
      "province": "北京市",
      "city": "市辖区",
      "district": "顺义区",
      "orgId": "3",
      "orgName": "总经理部",
      "post": "CEO",
      "userGroup": "34",
      "status": null
    },
    {
      "uuid": "230FFB54DA2A5B81E055000000000002",
      "isDel": 0,
      "creatorId": "",
      "creator": "",
      "createTime": "2016-09-21 15:41:40",
      "modifierId": "topjui",
      "modifier": "TopJUI前端框架",
      "modifyTime": "2017-04-07 14:15:18",
      "remark": "",
      "userNameId": "topjui",
      "password": "9d3a0644fc3f6d165ec6fcbfa56ebd1e",
      "userName": "TopJUI前端框架",
      "nickName": null,
      "sex": 2,
      "age": 28,
      "idCard": "432522198511248888",
      "birthday": null,
      "telephone": "0755-33942020转802",
      "mobile": "18588220078",
      "email": "xvpindex@qq.com",
      "school": "北方大学",
      "education": "大学本科",
      "degree": "大学本科",
      "nation": "汉族",
      "nativePlace": "湖南省（湘） ",
      "zone": "110101",
      "country": "中国",
      "province": "北京市",
      "city": "市辖区",
      "district": "东城区",
      "orgId": "9",
      "orgName": "东方项目部",
      "post": "CTO",
      "userGroup": "34",
      "status": null
    }
  ],
  "userdefinedlist": null,
  "total": 2,
  "totalPage": 1,
  "currentPage": 1,
  "numPerPage": 20,
  "nextPage": 1,
  "previousPage": 1,
  "hasPreviousPage": false,
  "hasNextPage": false,
  "firstPage": true,
  "lastPage": true
}