{
    "rows": [
      {
        "uuid": "04C2141B-B74A-11E4-98B5-782BCBD7746A",
        "category_id": "6C2AFC9A-B3F3-11E4-9DEA-782BCBD7746B",
        "code": "2103",
        "name": "\u590f\u666e\u7a7a\u6c14\u51c0\u5316\u5668xxxxccc",
        "parent_id": "0",
        "sale_price": "1399.00",
        "spec": "KC-W200SW",
        "unit_id": "5D6D901E-B3F3-11E4-9DEA-782BCBD7746B",
        "purchase_price": "0.00",
        "city": "惠州",
        "add_date": "2014-6-11 11:11:42",
        "appy_static": "通过",
        "py": "XPKQJHQ",
        "spec_py": null,
        "bar_code": null,
        "data_org": "01010001",
        "memo": "",
        "company_id": "4D74E1E4-A129-11E4-9B6A-782BCBD7746B",
        "brand_id": null,
        "unit": null,
        "rate": 25
      },
      {
        "uuid": "06CFC35B-B75F-11E4-B135-782BCBD7746B",
        "category_id": "953219F9-B3F3-11E4-9DEA-782BCBD7746B",
        "code": "5103",
        "name": "\u6717\u745e\u7279\u5bb6\u7528\u65e0\u7ebf\u667a\u80fd\u95e8\u94c3",
        "parent_id": "0",
        "sale_price": "88.00",
        "spec": "\u767d\u8272LR-1688BY-2 ",
        "unit_id": "5D6D901E-B3F3-11E4-9DEA-782BCBD7746B",
        "purchase_price": null,
        "city": "惠州",
        "add_date": "2014-6-11 11:11:42",
        "appy_static": "通过",
        "static": null,
        "py": "LRTJYWXZNML",
        "spec_py": null,
        "bar_code": null,
        "data_org": "01010001",
        "memo": null,
        "company_id": "4D74E1E4-A129-11E4-9B6A-782BCBD7746B",
        "brand_id": null,
        "unit": null,
        "rate": 27
      },
      {
        "uuid": "089D45AB-B745-11E4-9C3C-782BCBD7746C",
        "category_id": "66D899C2-B3F3-11E4-9DEA-782BCBD7746B",
        "code": "1204",
        "name": "\u6d77\u5c14\u591a\u95e8\u51b0\u7bb1",
        "parent_id": "0",
        "sale_price": "4299.00",
        "spec": "\u94f6\u7070\u8272BCD-339WBA 339 ",
        "unit_id": "5D6D901E-B3F3-11E4-9DEA-782BCBD7746B",
        "purchase_price": null,
        "city": "惠州",
        "add_date": "2014-6-11 11:11:42",
        "appy_static": "通过",
        "py": "HEDMBX",
        "spec_py": null,
        "bar_code": null,
        "data_org": "01010001",
        "memo": null,
        "company_id": "4D74E1E4-A129-11E4-9B6A-782BCBD7746B",
        "brand_id": null,
        "unit": null,
        "rate": 55
      },
      {
        "uuid": "14716F2E-B749-11E4-98B5-782BCBD7746D",
        "category_id": "66D899C2-B3F3-11E4-9DEA-782BCBD7746B",
        "code": "1404",
        "name": "\u68ee\u592a\u6d88\u6bd2\u67dc",
        "parent_id": "0",
        "sale_price": "675.00",
        "spec": "\u9ed1\u8272\u4e00\u4f53\u51b2\u538b\u6b3eF280\u5d4c\u5165\u5f0f\u5bb6\u7528\u53a8\u623f\u6d88\u6bd2\u7897\u67dc \u9ed1\u8272\u94a2\u5316\u73bb\u7483\u8f7b\u89e6\u6309\u952e\u6b3e ",
        "unit_id": "5D6D901E-B3F3-11E4-9DEA-782BCBD7746B",
        "purchase_price": null,
        "city": "惠州",
        "add_date": "2014-6-11 11:11:42",
        "appy_static": "通过",
        "py": "STXDG",
        "spec_py": null,
        "bar_code": null,
        "data_org": "01010001",
        "memo": null,
        "company_id": "4D74E1E4-A129-11E4-9B6A-782BCBD7746B",
        "brand_id": null,
        "unit": null,
        "rate": 85
      },
      {
        "uuid": "1736597F-B74B-11E4-98B5-782BCBD7746E",
        "category_id": "89BCA8E9-B3F3-11E4-9DEA-782BCBD7746B",
        "code": "4101",
        "name": "\u91d1\u6cf0\u660c\u6309\u6469\u8db3\u6d74\u76c6",
        "parent_id": "0",
        "sale_price": "369.00",
        "spec": "TC-5196",
        "unit_id": "5D6D901E-B3F3-11E4-9DEA-782BCBD7746B",
        "purchase_price": null,
        "city": "惠州",
        "py": "JTCAMZYP",
        "spec_py": null,
        "bar_code": null,
        "data_org": "01010001",
        "memo": null,
        "company_id": "4D74E1E4-A129-11E4-9B6A-782BCBD7746B",
        "brand_id": null,
        "unit": null,
        "rate": 46
      },
      {
        "uuid": "1B411CD9-B76A-11E4-9AAE-782BCBD7746F",
        "category_id": "74C50B1B-B3F3-11E4-9DEA-782BCBD7746B",
        "code": "3102",
        "name": "\u4e5d\u9633\u591a\u529f\u80fd\u65e0\u7f51\u5168\u94a2\u8c46\u6d46\u673a",
        "parent_id": "0",
        "sale_price": "249.00",
        "spec": "DJ12B-A603DG ",
        "unit_id": "5D6D901E-B3F3-11E4-9DEA-782BCBD7746B",
        "purchase_price": null,
        "city": "惠州",
        "py": "JYDGNWWQGDJJ",
        "spec_py": null,
        "bar_code": null,
        "data_org": "01010001",
        "memo": null,
        "company_id": "4D74E1E4-A129-11E4-9B6A-782BCBD7746B",
        "brand_id": null,
        "unit": null,
        "rate": 76
      },
      {
        "uuid": "1D0177A0-B746-11E4-9C3C-782BCBD7746G",
        "category_id": "66D899C2-B3F3-11E4-9DEA-782BCBD7746B",
        "code": "1303",
        "name": "\u98de\u5229\u6d66\u5bb6\u5ead\u5f71\u9662 1122xxx",
        "parent_id": "0",
        "sale_price": "3599.00",
        "spec": "\u9ed1\u8272HTB5540D\/93 \u6676\u6670\u97f3\u6548 3D\u84dd\u5149DVD \u5185\u7f6eWIFI \u84dd\u7259 \u53ef\u642d\u914d\u9ad8\u6e05\u7535\u89c6",
        "unit_id": "50C40382-B745-11E4-9C3C-782BCBD7746B",
        "purchase_price": "10.00",
        "city": "惠州",
        "add_date": "2014-6-11 11:11:42",
        "py": "FLPJTYY",
        "spec_py": null,
        "bar_code": null,
        "data_org": "01010001",
        "memo": "",
        "company_id": "4D74E1E4-A129-11E4-9B6A-782BCBD7746B",
        "brand_id": null,
        "unit": null,
        "rate": 23
      },
      {
        "uuid": "2D1C672D-B74A-11E4-98B5-782BCBD7746B",
        "category_id": "6C2AFC9A-B3F3-11E4-9DEA-782BCBD7746B",
        "code": "2104",
        "name": "\u7ebd\u8d1d\u5c14\u5c0f\u738b\u5b50\u7a7a\u6c14\u51c0\u5316\u5668",
        "parent_id": "0",
        "sale_price": "3999.00",
        "spec": "\u91d1\u8272 NBE-XWZ",
        "unit_id": "5D6D901E-B3F3-11E4-9DEA-782BCBD7746B",
        "purchase_price": null,
        "city": "惠州",
        "py": "NBEXWZKQJHQ",
        "spec_py": null,
        "bar_code": null,
        "data_org": "01010001",
        "memo": null,
        "company_id": "4D74E1E4-A129-11E4-9B6A-782BCBD7746B",
        "brand_id": null,
        "unit": null,
        "rate": 12
      },
      {
        "uuid": "359389E5-B745-11E4-9C3C-782BCBD7746B",
        "category_id": "66D899C2-B3F3-11E4-9DEA-782BCBD7746B",
        "code": "1205",
        "name": "\u677e\u4e0b\u98ce\u51b7\u53d8\u9891\u4e09\u95e8\u51b0\u7bb1",
        "parent_id": "0",
        "sale_price": "5099.00",
        "spec": "316\u5347\u5178\u96c5\u94f6NR-C32WP2-S ",
        "unit_id": "5D6D901E-B3F3-11E4-9DEA-782BCBD7746B",
        "purchase_price": null,
        "city": "惠州",
        "py": "SXFLBPSMBX",
        "spec_py": null,
        "bar_code": null,
        "data_org": "01010001",
        "memo": null,
        "company_id": "4D74E1E4-A129-11E4-9B6A-782BCBD7746B",
        "brand_id": null,
        "unit": null,
        "rate": 33
      },
      {
        "uuid": "35FA2DE1-B746-11E4-9C3C-782BCBD7746B",
        "category_id": "66D899C2-B3F3-11E4-9DEA-782BCBD7746B",
        "code": "1304",
        "name": "JBL CINEMA BASECN \u56de\u97f3\u58c1\u97f3\u7bb1",
        "parent_id": "0",
        "sale_price": "2980.00",
        "spec": "\u9ed1\u8272",
        "unit_id": "50C40382-B745-11E4-9C3C-782BCBD7746B",
        "purchase_price": null,
        "city": "惠州",
        "py": "JCBHYBYX",
        "spec_py": null,
        "bar_code": null,
        "data_org": "01010001",
        "memo": null,
        "company_id": "4D74E1E4-A129-11E4-9B6A-782BCBD7746B",
        "brand_id": null,
        "unit": null,
        "rate": 89
      },
      {
        "uuid": "373A750B-B749-11E4-98B5-782BCBD7746B",
        "category_id": "66D899C2-B3F3-11E4-9DEA-782BCBD7746B",
        "code": "1405",
        "name": "\u897f\u95e8\u5b50\u539f\u88c5\u8fdb\u53e3\u7535\u70e4\u7bb1",
        "parent_id": "0",
        "sale_price": "5999.00",
        "spec": "HB11AB521W",
        "unit_id": "5D6D901E-B3F3-11E4-9DEA-782BCBD7746B",
        "purchase_price": null,
        "city": "惠州",
        "py": "XMZYZJKDKX",
        "spec_py": null,
        "bar_code": null,
        "data_org": "01010001",
        "memo": null,
        "company_id": "4D74E1E4-A129-11E4-9B6A-782BCBD7746B",
        "brand_id": null,
        "unit": null,
        "rate": 83
      },
      {
        "uuid": "3AD67063-B74B-11E4-98B5-782BCBD7746B",
        "category_id": "89BCA8E9-B3F3-11E4-9DEA-782BCBD7746B",
        "code": "4201",
        "name": "\u6b27\u59c6\u9f99\u7535\u5b50\u8840\u538b\u8ba1",
        "parent_id": "0",
        "sale_price": "299.00",
        "spec": "HEM-7051\u4e0a\u81c2\u5f0f",
        "unit_id": "5D6D901E-B3F3-11E4-9DEA-782BCBD7746B",
        "purchase_price": null,
        "city": "惠州",
        "py": "OMLDZXYJ",
        "spec_py": null,
        "bar_code": null,
        "data_org": "01010001",
        "memo": null,
        "company_id": "4D74E1E4-A129-11E4-9B6A-782BCBD7746B",
        "brand_id": null,
        "unit": null,
        "rate": 33
      },
      {
        "uuid": "4735240F-B3F4-11E4-9DEA-782BCBD7746B",
        "category_id": "66D899C2-B3F3-11E4-9DEA-782BCBD7746B",
        "code": "1103",
        "name": "\u7d22\u5c3c\u5168\u9ad8\u6e05LED\u6db2\u6676\u7535\u89c6",
        "parent_id": "0",
        "sale_price": "2799.00",
        "spec": "40\u82f1\u5bf8\u9ed1\u8272KDL-40RM10B",
        "unit_id": "5D6D901E-B3F3-11E4-9DEA-782BCBD7746B",
        "purchase_price": null,
        "city": "惠州",
        "py": "SNQGQLJDS",
        "spec_py": null,
        "bar_code": null,
        "data_org": "01010001",
        "memo": null,
        "company_id": "4D74E1E4-A129-11E4-9B6A-782BCBD7746B",
        "brand_id": null,
        "unit": null,
        "rate": 37
      },
      {
        "uuid": "496850A9-B74A-11E4-98B5-782BCBD7746B",
        "category_id": "6C2AFC9A-B3F3-11E4-9DEA-782BCBD7746B",
        "code": "2105",
        "name": "\u745e\u5178\u5e03\u9c81\u96c5\u5c14\u4e13\u4e1a\u7a7a\u6c14\u51c0\u5316\u5668",
        "parent_id": "0",
        "sale_price": "11680.00",
        "spec": "603",
        "unit_id": "5D6D901E-B3F3-11E4-9DEA-782BCBD7746B",
        "purchase_price": null,
        "py": "RDBLYEZYKQJHQ",
        "spec_py": null,
        "bar_code": null,
        "data_org": "01010001",
        "memo": null,
        "company_id": "4D74E1E4-A129-11E4-9B6A-782BCBD7746B",
        "brand_id": null,
        "unit": null,
        "rate": 22
      },
      {
        "uuid": "5148FC80-B76A-11E4-9AAE-782BCBD7746B",
        "category_id": "74C50B1B-B3F3-11E4-9DEA-782BCBD7746B",
        "code": "3103",
        "name": "\u82cf\u6cca\u5c14\u8c46\u6d46\u673a",
        "parent_id": "0",
        "sale_price": "349.00",
        "spec": "DJ12B-Y94E",
        "unit_id": "5D6D901E-B3F3-11E4-9DEA-782BCBD7746B",
        "purchase_price": null,
        "py": "SBEDJJ",
        "spec_py": null,
        "bar_code": null,
        "data_org": "01010001",
        "memo": null,
        "company_id": "4D74E1E4-A129-11E4-9B6A-782BCBD7746B",
        "brand_id": null,
        "unit": null,
        "rate": 11
      },
      {
        "uuid": "5472B0C8-B746-11E4-9C3C-782BCBD7746B",
        "category_id": "66D899C2-B3F3-11E4-9DEA-782BCBD7746B",
        "code": "1305",
        "name": "\u4e09\u661f\u5bb6\u5ead\u5f71\u9662",
        "parent_id": "0",
        "sale_price": "1499.00",
        "spec": "\u9ed1\u8272 \u65e0\u7ebf\u91cd\u4f4e\u97f3\u70ae \u84dd\u7259 3D\u6c34\u6676\u529f\u653eSoundbar\u56de\u97f3\u58c1\u97f3\u54cd\u7535\u89c6\u97f3\u7bb1",
        "unit_id": "50C40382-B745-11E4-9C3C-782BCBD7746B",
        "purchase_price": null,
        "py": "SXJTYY",
        "spec_py": null,
        "bar_code": null,
        "data_org": "01010001",
        "memo": null,
        "company_id": "4D74E1E4-A129-11E4-9B6A-782BCBD7746B",
        "brand_id": null,
        "unit": null,
        "rate": 25
      },
      {
        "uuid": "5ADA53E3-B749-11E4-98B5-782BCBD7746B",
        "category_id": "66D899C2-B3F3-11E4-9DEA-782BCBD7746B",
        "code": "1501",
        "name": "\u51e1\u8428\u5e1d\u9ad8\u7aef\u98ce\u51b7\u538b\u7f29\u673a\u6052\u6e29\u7ea2\u9152\u67dc",
        "parent_id": "0",
        "sale_price": "2980.00",
        "spec": "1\u6302+7\u5c42",
        "unit_id": "5D6D901E-B3F3-11E4-9DEA-782BCBD7746B",
        "purchase_price": null,
        "py": "FSDGDFLYSJHWHJG",
        "spec_py": null,
        "bar_code": null,
        "data_org": "01010001",
        "memo": null,
        "company_id": "4D74E1E4-A129-11E4-9B6A-782BCBD7746B",
        "brand_id": null,
        "unit": null,
        "rate": 69
      },
      {
        "uuid": "5E8F05FF-B74B-11E4-98B5-782BCBD7746B",
        "category_id": "953219F9-B3F3-11E4-9DEA-782BCBD7746B",
        "code": "5101",
        "name": "\u6717\u745e\u7279\u4e00\u62d6\u4e00 \u5bb6\u7528\u65e0\u7ebf\u667a\u80fd\u95e8\u94c3",
        "parent_id": "0",
        "sale_price": "48.00",
        "spec": "\u767d\u8272LR-1688BY",
        "unit_id": "5D6D901E-B3F3-11E4-9DEA-782BCBD7746B",
        "purchase_price": null,
        "city": "惠州",
        "py": "LRTYTYJYWXZNML",
        "spec_py": null,
        "bar_code": null,
        "data_org": "01010001",
        "memo": null,
        "company_id": "4D74E1E4-A129-11E4-9B6A-782BCBD7746B",
        "brand_id": null,
        "unit": null,
        "rate": 66
      },
      {
        "uuid": "7122320E-B76A-11E4-9AAE-782BCBD7746B",
        "category_id": "74C50B1B-B3F3-11E4-9DEA-782BCBD7746B",
        "code": "3104",
        "name": "\u98de\u5229\u6d66\u8c46\u6d46\u673a",
        "parent_id": "0",
        "sale_price": "798.00",
        "spec": "HD2078\/03",
        "unit_id": "5D6D901E-B3F3-11E4-9DEA-782BCBD7746B",
        "purchase_price": null,
        "py": "FLPDJJ",
        "spec_py": null,
        "bar_code": null,
        "data_org": "01010001",
        "memo": null,
        "company_id": "4D74E1E4-A129-11E4-9B6A-782BCBD7746B",
        "brand_id": null,
        "unit": null,
        "rate": 88
      },
      {
        "uuid": "7ED6D9C2-B749-11E4-98B5-782BCBD7746B",
        "category_id": "66D899C2-B3F3-11E4-9DEA-782BCBD7746B",
        "code": "1502",
        "name": "\u535a\u4e16\u4e13\u4e1a\u9152\u67dc",
        "parent_id": "0",
        "sale_price": "6899.00",
        "spec": "\u94f6\u8272228\u5347 ",
        "unit_id": "5D6D901E-B3F3-11E4-9DEA-782BCBD7746B",
        "purchase_price": null,
        "py": "BSZYJG",
        "spec_py": null,
        "bar_code": null,
        "data_org": "01010001",
        "memo": null,
        "company_id": "4D74E1E4-A129-11E4-9B6A-782BCBD7746B",
        "brand_id": null,
        "unit": null,
        "rate": 85
      },
      {
        "uuid": "8CBD95C4-B3F4-11E4-9DEA-782BCBD7746B",
        "category_id": "66D899C2-B3F3-11E4-9DEA-782BCBD7746B",
        "code": "1104",
        "name": "\u521b\u7ef4\u9177\u5f004K\u8d85\u9ad8\u6e05\u5e73\u677f\u6db2\u6676\u7535\u89c6",
        "parent_id": "0",
        "sale_price": "4499.00",
        "spec": "55\u82f1\u5bf8\u767d\u8272U55",
        "unit_id": "5D6D901E-B3F3-11E4-9DEA-782BCBD7746B",
        "purchase_price": null,
        "py": "CWKKGQPBYJDS",
        "spec_py": null,
        "bar_code": null,
        "data_org": "01010001",
        "memo": null,
        "company_id": "4D74E1E4-A129-11E4-9B6A-782BCBD7746B",
        "brand_id": null,
        "unit": null,
        "rate": 58
      },
      {
        "uuid": "903F1597-B744-11E4-9C3C-782BCBD7746B",
        "category_id": "66D899C2-B3F3-11E4-9DEA-782BCBD7746B",
        "code": "1202",
        "name": "\u7f8e\u7684\u5bf9\u5f00\u95e8\u51b0\u7bb1",
        "parent_id": "0",
        "sale_price": "3499.00",
        "spec": "516\u5347\u6cf0\u5766\u94f6BCD-516WKM(E) ",
        "unit_id": "5D6D901E-B3F3-11E4-9DEA-782BCBD7746B",
        "purchase_price": null,
        "py": "MDDKMBX",
        "spec_py": null,
        "bar_code": null,
        "data_org": "01010001",
        "memo": null,
        "company_id": "4D74E1E4-A129-11E4-9B6A-782BCBD7746B",
        "brand_id": null,
        "unit": null,
        "rate": 34
      },
      {
        "uuid": "95554EBC-B74A-11E4-98B5-782BCBD7746B",
        "category_id": "6C2AFC9A-B3F3-11E4-9DEA-782BCBD7746B",
        "code": "2106",
        "name": "\u7231\u5c4b\u5b89\u667a\u80fd\u6d4b\u63a7\u7a7a\u6c14\u51c0\u5316\u5668",
        "parent_id": "0",
        "sale_price": "2999.00",
        "spec": "AP450",
        "unit_id": "5D6D901E-B3F3-11E4-9DEA-782BCBD7746B",
        "purchase_price": null,
        "py": "AWAZNCKKQJHQ",
        "spec_py": null,
        "bar_code": null,
        "data_org": "01010001",
        "memo": null,
        "company_id": "4D74E1E4-A129-11E4-9B6A-782BCBD7746B",
        "brand_id": null,
        "unit": null,
        "rate": 45
      },
      {
        "uuid": "95D1BFFC-B746-11E4-9C3C-782BCBD7746B",
        "category_id": "66D899C2-B3F3-11E4-9DEA-782BCBD7746B",
        "code": "1401",
        "name": "\u5eb7\u5b9d\u7acb\u5f0f\u6d88\u6bd2\u67dc\u6d88\u6bd2\u7897\u67dc",
        "parent_id": "0",
        "sale_price": "439.00",
        "spec": "ZTP80A-25(H)",
        "unit_id": "5D6D901E-B3F3-11E4-9DEA-782BCBD7746B",
        "purchase_price": null,
        "city": "惠州",
        "py": "KBLSXDGXDWG",
        "spec_py": null,
        "bar_code": null,
        "data_org": "01010001",
        "memo": null,
        "company_id": "4D74E1E4-A129-11E4-9B6A-782BCBD7746B",
        "brand_id": null,
        "unit": null,
        "rate": 29
      },
      {
        "uuid": "AB325C43-B744-11E4-9C3C-782BCBD7746B",
        "category_id": "66D899C2-B3F3-11E4-9DEA-782BCBD7746B",
        "code": "1203",
        "name": "\u683c\u5170\u4ed5\u8282\u80fd\u51b0\u7bb1",
        "parent_id": "0",
        "sale_price": "999.00",
        "spec": "BCD-178N 178L\u73cd\u00b7\u9c9c\u7cfb\u5217",
        "unit_id": "5D6D901E-B3F3-11E4-9DEA-782BCBD7746B",
        "purchase_price": null,
        "py": "GLSJNBX",
        "spec_py": null,
        "bar_code": null,
        "data_org": "01010001",
        "memo": null,
        "company_id": "4D74E1E4-A129-11E4-9B6A-782BCBD7746B",
        "brand_id": null,
        "unit": null,
        "rate": 85
      },
      {
        "uuid": "B0F6FBA5-B745-11E4-9C3C-782BCBD7746B",
        "category_id": "66D899C2-B3F3-11E4-9DEA-782BCBD7746B",
        "code": "1301",
        "name": "\u7d22\u5c3c\u5bb6\u5ead\u5f71\u9662",
        "parent_id": "0",
        "sale_price": "3088.00",
        "spec": "\u9ed1\u8272HT-CT770\u65e0\u7ebf\u91cd\u4f4e\u97f3\u626c\u58f0\u5668 Soundbar\u56de\u97f3\u58c1\u97f3\u54cd \u53ef\u6302\u5f0f\u7535\u89c6\u97f3\u7bb1",
        "unit_id": "50C40382-B745-11E4-9C3C-782BCBD7746B",
        "purchase_price": null,
        "py": "SNJTYY",
        "spec_py": null,
        "bar_code": null,
        "data_org": "01010001",
        "memo": null,
        "company_id": "4D74E1E4-A129-11E4-9B6A-782BCBD7746B",
        "brand_id": null,
        "unit": null,
        "rate": 23
      },
      {
        "uuid": "BA7AC1DC-B746-11E4-9C3C-782BCBD7746B",
        "category_id": "66D899C2-B3F3-11E4-9DEA-782BCBD7746B",
        "code": "1402",
        "name": "\u6b27\u5c3c\u5c14\u5d4c\u5165\u5f0f\u6d88\u6bd2\u7897\u67dc",
        "parent_id": "0",
        "sale_price": "739.00",
        "spec": "\u9ed1\u8272\u4f4e\u6e29(OUNIER)X8 \u6d88\u6bd2\u67dc \u5bb6\u7528 \u6d88\u6bd2\u7897\u67dc ",
        "unit_id": "50C40382-B745-11E4-9C3C-782BCBD7746B",
        "purchase_price": null,
        "py": "ONEQRSXDWG",
        "spec_py": null,
        "bar_code": null,
        "data_org": "01010001",
        "memo": null,
        "company_id": "4D74E1E4-A129-11E4-9B6A-782BCBD7746B",
        "brand_id": null,
        "unit": null,
        "rate": 75
      },
      {
        "uuid": "BB01CEF8-B3F5-11E4-9DEA-782BCBD7746B",
        "category_id": "6C2AFC9A-B3F3-11E4-9DEA-782BCBD7746B",
        "code": "2101",
        "name": "\u98de\u5229\u6d66\u7a7a\u6c14\u51c0\u5316\u5668",
        "parent_id": "0",
        "sale_price": "2999.00",
        "spec": "\u9999\u69df\u8272 AC4076 ",
        "unit_id": "5D6D901E-B3F3-11E4-9DEA-782BCBD7746B",
        "purchase_price": null,
        "py": "FLPKQJHQ",
        "spec_py": null,
        "bar_code": null,
        "data_org": "01010001",
        "memo": null,
        "company_id": "4D74E1E4-A129-11E4-9B6A-782BCBD7746B",
        "brand_id": null,
        "unit": null,
        "rate": 55
      },
      {
        "uuid": "BE3C9CBF-B74A-11E4-98B5-782BCBD7746B",
        "category_id": "6C2AFC9A-B3F3-11E4-9DEA-782BCBD7746B",
        "code": "2201",
        "name": "\u7f8e\u7684\u6e29\u70ed\u578b\u996e\u6c34\u673a",
        "parent_id": "0",
        "sale_price": "199.00",
        "spec": "MYR718S-X",
        "unit_id": "5D6D901E-B3F3-11E4-9DEA-782BCBD7746B",
        "purchase_price": null,
        "py": "MDWRXYSJ",
        "spec_py": null,
        "bar_code": null,
        "data_org": "01010001",
        "memo": null,
        "company_id": "4D74E1E4-A129-11E4-9B6A-782BCBD7746B",
        "brand_id": null,
        "unit": null,
        "rate": 88
      },
      {
        "uuid": "BF635F9D-B749-11E4-98B5-782BCBD7746B",
        "category_id": "6C2AFC9A-B3F3-11E4-9DEA-782BCBD7746B",
        "code": "2102",
        "name": "\u745e\u5178\u5e03\u9c81\u96c5\u5c14\u4e13\u4e1a\u7a7a\u6c14\u51c0\u5316\u5668",
        "parent_id": "0",
        "sale_price": "6299.00",
        "spec": "510B",
        "unit_id": "5D6D901E-B3F3-11E4-9DEA-782BCBD7746B",
        "purchase_price": null,
        "py": "RDBLYEZYKQJHQ",
        "spec_py": null,
        "bar_code": null,
        "data_org": "01010001",
        "memo": null,
        "company_id": "4D74E1E4-A129-11E4-9B6A-782BCBD7746B",
        "brand_id": null,
        "unit": null,
        "rate": 55
      },
      {
        "uuid": "D84201A3-B745-11E4-9C3C-782BCBD7746B",
        "category_id": "66D899C2-B3F3-11E4-9DEA-782BCBD7746B",
        "code": "1302",
        "name": "\u98de\u5229\u6d66\u8ff7\u4f60\u97f3\u54cd",
        "parent_id": "0",
        "sale_price": "1599.00",
        "spec": "\u9ed1\u8272HTL4110\/93  \u7535\u89c6\u97f3\u7bb1\u97f3\u54cd \u5bb6\u5ead\u5f71\u9662 \u56de\u97f3\u58c1\u97f3\u7bb1 \u6728\u8d28\u97f3\u7bb1 USB\u64ad\u653e\u5668",
        "unit_id": "50C40382-B745-11E4-9C3C-782BCBD7746B",
        "purchase_price": null,
        "py": "FLPMNYX",
        "spec_py": null,
        "bar_code": null,
        "data_org": "01010001",
        "memo": null,
        "company_id": "4D74E1E4-A129-11E4-9B6A-782BCBD7746B",
        "brand_id": null,
        "unit": null,
        "rate": 35
      },
      {
        "uuid": "DA4D10A8-B3F3-11E4-9DEA-782BCBD7746B",
        "category_id": "66D899C2-B3F3-11E4-9DEA-782BCBD7746B",
        "code": "1101",
        "name": "\u521b\u7ef4\u9177\u5f00\u7f51\u7edc\u5e73\u677f\u6db2\u6676\u7535\u89c6",
        "parent_id": "0",
        "sale_price": "2799.00",
        "spec": "50\u82f1\u5bf8\u9ed1\u8272K50J",
        "unit_id": "5D6D901E-B3F3-11E4-9DEA-782BCBD7746B",
        "purchase_price": null,
        "py": "CWKKWLPBYJDS",
        "spec_py": null,
        "bar_code": null,
        "data_org": "01010001",
        "memo": null,
        "company_id": "4D74E1E4-A129-11E4-9B6A-782BCBD7746B",
        "brand_id": null,
        "unit": null,
        "rate": 34
      },
      {
        "uuid": "E2A660FD-B3F4-11E4-9DEA-782BCBD7746B",
        "category_id": "66D899C2-B3F3-11E4-9DEA-782BCBD7746B",
        "code": "1105",
        "name": "\u957f\u8679\u5b89\u5353\u667a\u80fdLED\u6db2\u6676\u7535\u89c6",
        "parent_id": "0",
        "sale_price": "2299.00",
        "spec": "42\u82f1\u5bf8\u9ed1\u8272",
        "unit_id": "5D6D901E-B3F3-11E4-9DEA-782BCBD7746B",
        "purchase_price": null,
        "py": "CHAZZNLJDS",
        "spec_py": null,
        "bar_code": null,
        "data_org": "01010001",
        "memo": null,
        "company_id": "4D74E1E4-A129-11E4-9B6A-782BCBD7746B",
        "brand_id": null,
        "unit": null,
        "rate": 56
      },
      {
        "uuid": "E600D194-B75E-11E4-B135-782BCBD7746B",
        "category_id": "953219F9-B3F3-11E4-9DEA-782BCBD7746B",
        "code": "5102",
        "name": "\u6d77\u5f97\u66fc\u65e0\u7ebf\u95e8\u94c3",
        "parent_id": "0",
        "sale_price": "66.00",
        "spec": "E-228 ",
        "unit_id": "5D6D901E-B3F3-11E4-9DEA-782BCBD7746B",
        "purchase_price": null,
        "py": "HDMWXML",
        "spec_py": null,
        "bar_code": null,
        "data_org": "01010001",
        "memo": null,
        "company_id": "4D74E1E4-A129-11E4-9B6A-782BCBD7746B",
        "brand_id": null,
        "unit": null,
        "rate": 12
      },
      {
        "uuid": "EF05A6DF-B74A-11E4-98B5-782BCBD7746B",
        "category_id": "74C50B1B-B3F3-11E4-9DEA-782BCBD7746B",
        "code": "3101",
        "name": "\u4e5d\u9633\u53cc\u78e8\u591a\u529f\u80fd\u5168\u94a2\u8c46\u6d46\u673a",
        "parent_id": "0",
        "sale_price": "399.00",
        "spec": "DJ13B-D08EC",
        "unit_id": "5D6D901E-B3F3-11E4-9DEA-782BCBD7746B",
        "purchase_price": null,
        "py": "JYSMDGNQGDJJ",
        "spec_py": null,
        "bar_code": null,
        "data_org": "01010001",
        "memo": null,
        "company_id": "4D74E1E4-A129-11E4-9B6A-782BCBD7746B",
        "brand_id": null,
        "unit": null,
        "rate": 99
      },
      {
        "uuid": "F4BA9C47-B748-11E4-98B5-782BCBD7746B",
        "category_id": "66D899C2-B3F3-11E4-9DEA-782BCBD7746B",
        "code": "1403",
        "name": "\u6d77\u5c14\u6d88\u6bd2\u67dc",
        "parent_id": "0",
        "sale_price": "1098.00",
        "spec": "ZTD100-A",
        "unit_id": "5D6D901E-B3F3-11E4-9DEA-782BCBD7746B",
        "purchase_price": null,
        "city": "惠州",
        "py": "HEXDG",
        "spec_py": null,
        "bar_code": null,
        "data_org": "01010001",
        "memo": null,
        "company_id": "4D74E1E4-A129-11E4-9B6A-782BCBD7746B",
        "brand_id": null,
        "unit": null,
        "rate": 100
      },
      {
        "uuid": "FDE1B0F0-B3F3-11E4-9DEA-782BCBD7746B",
        "category_id": "66D899C2-B3F3-11E4-9DEA-782BCBD7746B",
        "code": "1102",
        "name": "\u5eb7\u4f73\u7a84\u8fb9\u5168\u9ad8\u6e05\u6db2\u6676\u7535\u89c6",
        "parent_id": "0",
        "sale_price": "1999.00",
        "spec": "42\u82f1\u5bf8\u9ed1\u8272LED42E330CE",
        "unit_id": "5D6D901E-B3F3-11E4-9DEA-782BCBD7746B",
        "purchase_price": null,
        "city": "惠州",
        "py": "KJZBQGQYJDS",
        "spec_py": null,
        "bar_code": null,
        "data_org": "01010001",
        "memo": null,
        "company_id": "4D74E1E4-A129-11E4-9B6A-782BCBD7746B",
        "brand_id": null,
        "unit": null,
        "rate": 72
      }
    ],
    "total": "37"
  }