{
  "total": 2,
  "rows": [
    {
      "id": 3,
      "code": "300002",
      "name": "云南网络代理公司",
      "address": "云南XXXX",
      "leader": "张云南",
      "leaderPhone": "17209871235",
      "contractStartDate": "Feb 1, 2017 12:00:00 AM",
      "contractEndDate": "Feb 1, 2018 12:00:00 AM",
      "status": "1"
    },
    {
      "id": 1,
      "code": "300001",
      "name": "新疆网络代理公司",
      "address": "新疆XXXX",
      "leader": "张新疆",
      "leaderPhone": "17209871234",
      "contractStartDate": "Jan 1, 2017 12:00:00 AM",
      "contractEndDate": "Jan 1, 2018 12:00:00 AM",
      "status": "1",
      "remark": "5"
    }
  ]
}