[
    {
      "id": 1346,
      "pid": 701,
      "state": "open",
      "iconCls": "fa fa-file-text-o",
      "text": "新闻公告",
      "url": "./page/qtbangong/news.html"
    },
    {
      "id": 1346,
      "pid": 701,
      "state": "open",
      "iconCls": "fa fa-file-text-o",
      "text": "企业红包",
      "url": "./page/qtbangong/qyhongbao.html"
    },
    {
      "id": 1346,
      "pid": 701,
      "state": "open",
      "iconCls": "fa fa-file-text-o",
      "text": "微信考勤管理",
      "url": "./page/qtbangong/kqguanli.html"
    },
    {
      "id": 1346,
      "pid": 701,
      "state": "open",
      "iconCls": "fa fa-file-text-o",
      "text": "企业文化",
      "url": "./page/qtbangong/qywenhua.html"
    },
    {
      "id": 1346,
      "pid": 701,
      "state": "open",
      "iconCls": "fa fa-file-text-o",
      "text": "知识百科",
      "url": "./page/qtbangong/zsbaike.html"
    },
    {
      "id": 1346,
      "pid": 701,
      "state": "open",
      "iconCls": "fa fa-file-text-o",
      "text": "问卷管理",
      "url": "./page/qtbangong/wjguanli.html"
    },
    {
      "id": 1346,
      "pid": 701,
      "state": "open",
      "iconCls": "fa fa-file-text-o",
      "text": "工作日志",
      "url": "./page/qtbangong/gzrizhi.html"
    },
    {
      "id": 1346,
      "pid": 701,
      "state": "open",
      "iconCls": "fa fa-file-text-o",
      "text": "会议助手",
      "url": "./page/qtbangong/hyzushou.html"
    },
    {
      "id": 1346,
      "pid": 701,
      "state": "open",
      "iconCls": "fa fa-file-text-o",
      "text": "工作日志",
      "url": "./page/qtbangong/gzrizhi.html"
    },
    {
      "id": 1346,
      "pid": 701,
      "state": "open",
      "iconCls": "fa fa-file-text-o",
      "text": "欧美城办公",
      "url": "./page/qtbangong/bangong.html"
    },
    {
      "id": 1346,
      "pid": 701,
      "state": "open",
      "iconCls": "fa fa-file-text-o",
      "text": "同事社区管理",
      "url": "./page/qtbangong/shequ.html"
    },
    {
      "id": 1346,
      "pid": 701,
      "state": "open",
      "iconCls": "fa fa-file-text-o",
      "text": "欧美城任务",
      "url": "./page/qtbangong/renwu.html"
    }
  ]