[
  {
    "id": 1337,
    "pid": 1328,
    "text": "数据表格",
    "state": "open",
    "iconCls": "fa fa-file-text-o",
    "url": "html/grid/datagrid.html"
  },
  {
    "id": 1337,
    "pid": 1328,
    "text": "数据列表",
    "state": "open",
    "iconCls": "fa fa-file-text-o",
    "url": "html/grid/datalist.html"
  },
  {
    "id": 1337,
    "pid": 1328,
    "text": "属性表格",
    "state": "open",
    "iconCls": "fa fa-file-text-o",
    "url": "html/grid/propertygrid.html"
  },
  {
    "id": 1368,
    "pid": 1328,
    "text": "树组件",
    "state": "open",
    "iconCls": "fa fa-file-text-o",
    "url": "html/grid/tree.html"
  },
  {
    "id": 1369,
    "pid": 1328,
    "text": "zTree组件",
    "state": "open",
    "iconCls": "fa fa-file-text-o",
    "url": "html/grid/zTree.html"
  },
  {
    "id": 1338,
    "pid": 1328,
    "text": "树形表格",
    "state": "open",
    "iconCls": "fa fa-file-text-o",
    "url": "html/grid/treegrid.html"
  },
  {
    "id": 1362,
    "pid": 1328,
    "text": "可编辑表格",
    "state": "open",
    "iconCls": "fa fa-file-text-o",
    "url": "html/grid/edatagrid.html"
  }
]