[
  {
    "id": 1347,
    "pid": 661,
    "state": "open",
    "iconCls": "fa fa-file-text-o",
    "text": "评选考试",
    "url": "./page/jixiao/pxkaoshi.html"
  },
  {
    "id": 1346,
    "pid": 661,
    "state": "open",
    "iconCls": "fa fa-file-text-o",
    "text": "考试模板",
    "url": "./page/jixiao/moban.html"
  },
  {
    "id": 1348,
    "pid": 661,
    "state": "open",
    "iconCls": "fa fa-file-text-o",
    "text": "公共模板",
    "url": "./page/jixiao/publicMoban.html"
  }
]