[
  {
    "id": 660,
    "pid": 71,
    "text": "欧美城人力资源",
    "state": "closed",
    "iconCls": "fa fa-user-o",
    "url": ""
  },
  {
    "id": 661,
    "pid": 71,
    "text": "绩效考核",
    "state": "closed",
    "iconCls": "fa fa-file-image-o",
    "url": ""
  },
  {
    "id": 662,
    "pid": 71,
    "text": "人事统计报表",
    "state": "closed",
    "iconCls": "fa fa-list",
    "url": ""
  },
  {
    "id": 663,
    "pid": 71,
    "text": "工资条",
    "state": "closed",
    "iconCls": "fa fa-credit-card",
    "url": ""
  },
  {
    "id": 664,
    "pid": 71,
    "text": "人才管理",
    "state": "closed",
    "iconCls": "fa fa-television",
    "url": ""
  },
  {
    "id": 665,
    "pid": 71,
    "text": "员工关怀",
    "state": "closed",
    "iconCls": "fa fa-comment-o",
    "url": ""
  }
]