[
  {
    "id": 1350,
    "pid": 1325,
    "text": "产品管理",
    "state": "closed",
    "iconCls": "fa fa-heartbeat",
    "url": ""
  },
  {
    "id": 1365,
    "pid": 1325,
    "text": "图片管理",
    "state": "closed",
    "iconCls": "fa fa-server",
    "url": ""
  },
  {
    "id": 1369,
    "pid": 1325,
    "text": "交易管理",
    "state": "closed",
    "iconCls": "fa fa-window-maximize",
    "url": ""
  },
  {
    "id": 1329,
    "pid": 1325,
    "text": "支付管理",
    "state": "closed",
    "iconCls": "fa fa-list",
    "url": ""
  },
  {
    "id": 1327,
    "pid": 1325,
    "text": "会员管理",
    "state": "closed",
    "iconCls": "fa fa-bank",
    "url": ""
  },
  {
    "id": 1328,
    "pid": 1325,
    "text": "店铺管理",
    "state": "closed",
    "iconCls": "fa fa-table",
    "url": ""
  },
  {
    "id": 1330,
    "pid": 1325,
    "text": "消息管理",
    "state": "closed",
    "iconCls": "fa fa-bar-chart",
    "url": ""
  },
  {
    "id": 1331,
    "pid": 1325,
    "text": "文章管理",
    "state": "closed",
    "iconCls": "fa fa-map",
    "url": ""
  },
  {
    "id": 1330,
    "pid": 1325,
    "text": "系统管理",
    "state": "closed",
    "iconCls": "fa fa-bar-chart",
    "url": ""
  },
  {
    "id": 1331,
    "pid": 1325,
    "text": "管理员管理",
    "state": "closed",
    "iconCls": "fa fa-map",
    "url": ""
  }
]
