[
    {
      "id": 1346,
      "pid": 800,
      "state": "open",
      "iconCls": "fa fa-file-text-o",
      "text": "表单流程",
      "url": " "
    },
    {
      "id": 1346,
      "pid": 800,
      "state": "open",
      "iconCls": "fa fa-file-text-o",
      "text": "费控报销",
      "url": " "
    },
    {
      "id": 1346,
      "pid": 800,
      "state": "open",
      "iconCls": "fa fa-file-text-o",
      "text": "请假出差",
      "url": " "
    },
    {
      "id": 1346,
      "pid": 800,
      "state": "open",
      "iconCls": "fa fa-file-text-o",
      "text": "企业用车",
      "url": " "
    },
    {
      "id": 1346,
      "pid": 800,
      "state": "open",
      "iconCls": "fa fa-file-text-o",
      "text": "审批提示",
      "url": " "
    }
  ]