[
  {
    "id": 1346,
    "pid": 1364,
    "state": "open",
    "iconCls": "fa fa-file-text-o",
    "text": "请假出差",
    "url": ""
  },
  {
    "id": 1348,
    "pid": 1364,
    "state": "open",
    "iconCls": "fa fa-file-text-o",
    "text": "企业用车",
    "url": ""
  },
  {
    "id": 1347,
    "pid": 1364,
    "state": "open",
    "iconCls": "fa fa-file-text-o",
    "text": "费控报销",
    "url": ""
  },
  {
    "id": 1347,
    "pid": 1364,
    "state": "open",
    "iconCls": "fa fa-file-text-o",
    "text": "记账凭证",
    "url": ""
  },
  {
    "id": 1347,
    "pid": 1364,
    "state": "open",
    "iconCls": "fa fa-file-text-o",
    "text": "审批",
    "url": ""
  },
  {
    "id": 1347,
    "pid": 1364,
    "state": "open",
    "iconCls": "fa fa-file-text-o",
    "text": "固定流程管理",
    "url": ""
  },
  {
    "id": 1347,
    "pid": 1364,
    "state": "open",
    "iconCls": "fa fa-file-text-o",
    "text": "分支流程管理",
    "url": ""
  },
  {
    "id": 1347,
    "pid": 1364,
    "state": "open",
    "iconCls": "fa fa-file-text-o",
    "text": "流程转派",
    "url": ""
  }
]
