[
  {
    "id": 220,
    "pid": 1327,
    "state": "open",
    "iconCls": "fa fa-file-text-o",
    "text": "时间轴",
    "url": "./html/extend/timeaxis.html"
  },
  {
    "id": 221,
    "pid": 1327,
    "state": "open",
    "iconCls": "fa fa-file-text-o",
    "text": "自动完成",
    "url": "./html/extend/autocomplete_index.html"
  },
  {
    "id": 1343,
    "pid": 1331,
    "state": "open",
    "iconCls": "fa fa-file-text-o",
    "text": "富文本编辑器",
    "url": "./html/extend/editor_index.html"
  },
  {
    "id": 1345,
    "pid": 1331,
    "state": "open",
    "iconCls": "fa fa-file-text-o",
    "text": "单文件上传框",
    "url": "./html/extend/upload.html"
  },
  {
    "id": 1344,
    "pid": 1331,
    "state": "open",
    "iconCls": "fa fa-file-text-o",
    "text": "文件批量上传",
    "url": "./html/extend/uploader_index.html"
  }
]