[
  {
    "id": 1346,
    "pid": 660,
    "state": "open",
    "iconCls": "fa fa-file-text-o",
    "text": "首页",
    "url": "./page/tongxinlu/index.html"
  },
  {
    "id": 1347,
    "pid": 660,
    "state": "open",
    "iconCls": "fa fa-file-text-o",
    "text": "员工花名册",
    "url": "./page/tongxinlu/namebook.html"
  },
  {
    "id": 1348,
    "pid": 660,
    "state": "open",
    "iconCls": "fa fa-file-text-o",
    "text": "设置",
    "url": "./page/tongxinlu/set.html"
  }
]