{
  "name": "湖南佐佑时代科技有限公司",
  "userNameId": "ewsd",
  "userName": "小策一喋",
  "sex": "1",
  "age": "32",
  "orgId": "3",
  "orgName": "总经理部",
  "post": "总经理",
  "telephone": "0731-89565588",
  "email": "service@ewsd.cn",
  "cellphone": "13888888888",
  "zone": "430103",
  "country": "中国",
  "province": "湖南省",
  "city": "长沙市",
  "district": "天心区",
  "nativePlace": "湖南省（湘） ",
  "nation": "汉族",
  "idCard": "432522198808086688",
  "school": "北大青鸟",
  "education": "本科",
  "degree": "硕士",
  "remark": "<p>这是带HTML格式的备注内容</p>"
}